Iteration	Posterior	Likelihood	Prior	rate_log_sd	root_freqs[1]	root_freqs[2]	tree_length
0	-6124.509	-6329.525	205.0159	1.111272	0.805433	0.194567	3.893779
6	-6134.647	-6338.754	204.1072	0.9675362	0.753303	0.246697	4.491354
12	-6138.998	-6344.162	205.164	1.143245	0.694874	0.305126	3.790255
18	-6126.3	-6331.871	205.5712	1.224673	0.777553	0.222447	3.507131
24	-6133.122	-6338.821	205.6984	1.229375	0.777553	0.222447	3.430042
30	-6135.664	-6340.423	204.7591	1.145606	0.777553	0.222447	4.021078
36	-6121.777	-6326.622	204.8447	1.089675	0.72129	0.27871	4.004158
42	-6131.256	-6336.603	205.3474	1.180938	0.739629	0.260371	3.662597
48	-6130.86	-6336.479	205.619	1.185035	0.758078	0.241922	3.502343
54	-6130.724	-6336.259	205.5352	1.218069	0.758078	0.241922	3.531956
60	-6133.032	-6338.086	205.0541	1.190387	0.727839	0.272161	3.826379
66	-6136.409	-6340.882	204.4734	1.025048	0.728741	0.271259	4.252144
72	-6125.542	-6331.029	205.4871	1.182532	0.722054	0.277946	3.580622
78	-6129.805	-6335.002	205.1966	1.180036	0.755127	0.244873	3.750248
84	-6127.413	-6332.762	205.3489	1.180036	0.712097	0.287903	3.662215
90	-6130.321	-6334.134	203.813	0.99018	0.705713	0.294287	4.643876
96	-6135.747	-6339.313	203.5665	1.043395	0.705713	0.294287	4.752002
102	-6130.75	-6335.92	205.1691	1.193157	0.769084	0.230916	3.75854
108	-6133.682	-6338.72	205.0383	1.164271	0.769084	0.230916	3.850484
114	-6126.848	-6330.935	204.0866	1.096298	0.74641	0.25359	4.430493
120	-6137.96	-6343.634	205.6741	1.258824	0.757023	0.242977	3.427038
126	-6133.323	-6337.79	204.4672	1.103322	0.785055	0.214945	4.211309
132	-6142.753	-6346.873	204.1206	1.204402	0.715352	0.284648	4.350273
138	-6129.909	-6334.708	204.7991	1.183132	0.715352	0.284648	3.976765
144	-6137.785	-6344.203	206.4179	1.379198	0.804334	0.195666	2.913834
150	-6148.863	-6355.19	206.3269	1.337125	0.681842	0.318158	2.993973
156	-6141.199	-6347.108	205.9091	1.218098	0.757683	0.242317	3.312996
162	-6150.223	-6355.485	205.2621	1.225251	0.757683	0.242317	3.686279
168	-6132.059	-6336.695	204.6356	1.099682	0.757683	0.242317	4.117663
174	-6131.521	-6336.177	204.656	1.079264	0.746662	0.253338	4.117663
180	-6128.556	-6332.158	203.6013	0.9911979	0.732167	0.267833	4.761731
186	-6136.488	-6339.941	203.4528	0.9542376	0.765303	0.234697	4.865183
192	-6131.623	-6334.549	202.926	0.9641208	0.686653	0.313347	5.152331
198	-6135.061	-6338.672	203.6111	0.9385995	0.7767	0.2233	4.785598
204	-6134.509	-6338.74	204.2309	1.07545	0.741881	0.258119	4.360798
210	-6138.594	-6342.676	204.0817	1.018418	0.741881	0.258119	4.47712
216	-6125.15	-6330.218	205.0683	1.114591	0.741881	0.258119	3.861784
222	-6132.87	-6337.958	205.088	1.13338	0.713599	0.286401	3.839695
228	-6128.275	-6332.464	204.1889	1.077316	0.742065	0.257935	4.383489
234	-6137.049	-6341.688	204.6397	1.167837	0.730381	0.269619	4.076493
240	-6140.923	-6345.604	204.681	1.1266	0.738573	0.261427	4.076493
246	-6127.867	-6332.957	205.0898	1.184822	0.727782	0.272218	3.809072
252	-6129.192	-6334.305	205.1128	1.161735	0.802404	0.197596	3.809072
258	-6132.78	-6338.189	205.4093	1.166337	0.73375	0.26625	3.635202
264	-6130.05	-6334.222	204.1715	1.117784	0.722367	0.277633	4.370467
270	-6129.768	-6335.165	205.3977	1.15615	0.727484	0.272516	3.647795
276	-6126.856	-6331.265	204.4092	1.050339	0.737414	0.262586	4.274223
282	-6135.672	-6339.573	203.9013	0.9820968	0.730747	0.269253	4.598882
288	-6126.695	-6329.544	202.8487	0.9248674	0.776957	0.223043	5.216846
294	-6134.407	-6339.074	204.6675	1.047656	0.726267	0.273733	4.129136
300	-6153.886	-6358.259	204.3733	1.177063	0.703173	0.296827	4.222706
306	-6135.722	-6339.291	203.5689	1.009711	0.737622	0.262378	4.769504
312	-6130.021	-6333.867	203.8466	1.00555	0.742474	0.257526	4.616378
318	-6133.464	-6337.114	203.6501	1.043587	0.719102	0.280898	4.705147
324	-6130.043	-6333.686	203.6434	1.012935	0.774502	0.225498	4.726067
330	-6134.426	-6338.095	203.6682	0.9695332	0.787309	0.212691	4.736455
336	-6130.357	-6332.659	202.3021	0.9695332	0.772585	0.227415	5.493627
342	-6132.731	-6336.094	203.3639	1.032008	0.667133	0.332867	4.871403
348	-6146.722	-6350.617	203.8954	1.032008	0.667133	0.332867	4.574165
354	-6138.209	-6342.964	204.7551	1.082459	0.732414	0.267586	4.059432
360	-6133.677	-6337.608	203.9317	0.9983608	0.739055	0.260945	4.572692
366	-6119.325	-6322.891	203.5665	0.9675199	0.778211	0.221789	4.794373
372	-6118.045	-6321.94	203.8953	1.050181	0.746226	0.253774	4.564056
378	-6112.648	-6315.863	203.2141	1.008945	0.746226	0.253774	4.967628
384	-6119.431	-6323.38	203.9494	1.064068	0.779	0.221	4.525841
390	-6128.617	-6332.904	204.2876	1.041955	0.745234	0.254766	4.347698
396	-6124.714	-6328.925	204.211	1.118554	0.745234	0.254766	4.347698
402	-6127.197	-6331.267	204.0695	1.03232	0.77993	0.22007	4.476117
408	-6122.61	-6326.817	204.2067	1.133305	0.77993	0.22007	4.341805
414	-6131.405	-6335.507	204.1019	1.077416	0.757618	0.242382	4.432516
420	-6122.801	-6327.091	204.2897	1.061364	0.773496	0.226504	4.335541
426	-6138.881	-6342.014	203.1325	0.9583728	0.766314	0.233686	5.041021
432	-6142.306	-6346.517	204.2115	1.023377	0.726457	0.273543	4.401151
438	-6133.939	-6337.85	203.9116	1.021967	0.736167	0.263833	4.570716
444	-6142.355	-6345.976	203.6218	1.044707	0.768985	0.231015	4.720378
450	-6136.125	-6341.256	205.1308	1.176298	0.771512	0.228488	3.790337
456	-6132.625	-6337.312	204.6869	1.172621	0.785555	0.214445	4.046899
462	-6132.522	-6337.074	204.5521	1.04219	0.785646	0.214354	4.197811
468	-6133.342	-6337.103	203.7607	1.015381	0.723942	0.276058	4.659019
474	-6133.53	-6338.025	204.4953	1.052557	0.761925	0.238075	4.224171
480	-6135.974	-6341.267	205.2923	1.116399	0.752468	0.247532	3.731764
486	-6126.328	-6331.709	205.3802	1.145349	0.752468	0.247532	3.66418
492	-6134.198	-6338.927	204.7285	1.137505	0.767954	0.232046	4.043154
498	-6119.504	-6324.438	204.9347	1.066254	0.786265	0.213735	3.966051
504	-6124.465	-6328.115	203.6503	1.006692	0.787978	0.212022	4.725677
510	-6127.435	-6331.501	204.0664	1.112577	0.802028	0.197972	4.432653
516	-6139.141	-6343.652	204.5113	1.038435	0.772746	0.227254	4.223086
522	-6131.165	-6335.647	204.4816	1.068081	0.689839	0.310161	4.223086
528	-6132.774	-6335.954	203.1798	0.9943182	0.725195	0.274805	4.994788
534	-6133.342	-6336.729	203.3875	1.085863	0.792537	0.207463	4.828207
540	-6120.663	-6324.277	203.614	1.035008	0.781321	0.218679	4.730165
546	-6119.858	-6323.371	203.5129	1.087525	0.762875	0.237125	4.75728
552	-6115.76	-6318.971	203.2105	1.005151	0.780828	0.219172	4.971735
558	-6119.702	-6323.344	203.6415	1.124798	0.700139	0.299861	4.664517
564	-6117.901	-6321.039	203.1377	1.107521	0.776539	0.223461	4.955257
570	-6122.603	-6325.733	203.1303	0.9512051	0.746168	0.253832	5.046223
576	-6129.054	-6332.176	203.1214	0.9770868	0.796524	0.203476	5.036826
582	-6129.347	-6333.927	204.5803	1.12742	0.807435	0.192565	4.133331
588	-6120.705	-6324.505	203.7998	1.075746	0.747717	0.252283	4.603293
594	-6129.916	-6333.394	203.4783	1.066257	0.716112	0.283888	4.788473
600	-6131.896	-6335.399	203.5026	1.042048	0.716112	0.283888	4.788473
606	-6140.817	-6344.333	203.516	1.12858	0.714994	0.285006	4.732641
612	-6126.375	-6330.444	204.0685	1.013414	0.714994	0.285006	4.487322
618	-6141.12	-6345.506	204.3859	1.07278	0.764639	0.235361	4.274663
624	-6126.772	-6331.448	204.6757	1.190498	0.698837	0.301163	4.043049
630	-6137.859	-6342.663	204.8037	1.062509	0.769826	0.230174	4.043049
636	-6130.51	-6334.605	204.0951	1.095259	0.75563	0.24437	4.426243
642	-6133.274	-6337.57	204.2957	0.9841289	0.71893	0.28107	4.375773
648	-6135.997	-6340.625	204.6289	0.9885582	0.760553	0.239447	4.18467
654	-6125.875	-6329.527	203.6524	0.9723853	0.723282	0.276718	4.743674
660	-6120.918	-6324.528	203.6102	1.014578	0.697626	0.302374	4.743674
666	-6130.04	-6333.931	203.891	1.066469	0.697626	0.302374	4.557295
672	-6125.909	-6329.563	203.6547	0.9871246	0.751718	0.248282	4.734182
678	-6116.104	-6319.743	203.6395	1.002271	0.751718	0.248282	4.734182
684	-6121.848	-6325.345	203.4977	1.039795	0.751718	0.248282	4.792414
690	-6111.161	-6315.641	204.48	1.142235	0.787719	0.212281	4.181918
696	-6110.635	-6314.416	203.7815	1.050695	0.787075	0.212925	4.627561
702	-6126.27	-6329.921	203.6501	1.083283	0.699409	0.300591	4.682913
708	-6119.195	-6323.974	204.7786	1.238508	0.799135	0.200865	3.956821
714	-6109.997	-6313.701	203.7041	0.9516865	0.755791	0.244209	4.726323
720	-6117.702	-6321.627	203.9245	1.08074	0.742159	0.257841	4.530445
726	-6124.353	-6328.042	203.689	1.073326	0.698996	0.301004	4.666732
732	-6121.78	-6326.577	204.7973	1.122242	0.80682	0.19318	4.012637
738	-6118.855	-6323.237	204.3822	1.040274	0.787032	0.212968	4.295186
744	-6127.383	-6331.736	204.3528	1.069625	0.710124	0.289876	4.295186
750	-6120.46	-6324.086	203.6263	1.050178	0.765357	0.234643	4.714788
756	-6125.635	-6330.026	204.3904	1.049731	0.753601	0.246399	4.285172
762	-6132.483	-6336	203.5167	0.9525686	0.740891	0.259109	4.830514
768	-6127.815	-6332.271	204.4562	1.086651	0.77155	0.22845	4.226959
774	-6128.482	-6332.461	203.9783	1.032961	0.694623	0.305377	4.527064
780	-6132.142	-6336.973	204.8314	1.18795	0.720938	0.279062	3.955535
786	-6133.463	-6338.334	204.8709	1.148489	0.720938	0.279062	3.955535
792	-6130.582	-6334.596	204.0142	1.043636	0.720938	0.279062	4.500877
798	-6109.52	-6313.935	204.4159	1.148541	0.720938	0.279062	4.214735
804	-6110.342	-6315.097	204.7541	1.219225	0.759299	0.240701	3.981878
810	-6122.863	-6326.146	203.2828	0.9869201	0.705299	0.294701	4.94164
816	-6126.042	-6329.976	203.9341	1.114877	0.714201	0.285799	4.505842
822	-6128.071	-6332.828	204.7565	1.084678	0.778218	0.221782	4.05734
828	-6134.833	-6339.262	204.429	1.238285	0.778218	0.221782	4.156354
834	-6128.924	-6332.592	203.668	1.088075	0.73488	0.26512	4.670243
840	-6135.4	-6339.638	204.2382	1.088075	0.799151	0.200849	4.349579
846	-6133.252	-6337.939	204.6869	1.088075	0.761715	0.238285	4.095095
852	-6137.92	-6342.975	205.055	1.139707	0.733954	0.266046	3.854971
858	-6135.588	-6339.065	203.4768	1.180431	0.7287	0.2713	4.725569
864	-6135.007	-6338.861	203.8538	1.104997	0.764013	0.235987	4.556568
870	-6136.259	-6341.509	205.2505	1.126551	0.659561	0.340439	3.750035
876	-6118.296	-6322.915	204.6186	1.040795	0.682075	0.317925	4.160812
882	-6128.418	-6332.026	203.608	1.130897	0.708761	0.291239	4.679843
888	-6130.909	-6335.759	204.8495	1.112955	0.748193	0.251807	3.98811
894	-6129.392	-6334.765	205.373	1.177538	0.703971	0.296029	3.64974
900	-6119.645	-6324.822	205.1768	1.167613	0.753612	0.246388	3.768857
906	-6125.236	-6329.41	204.1741	1.034857	0.753612	0.246388	4.415783
912	-6123.209	-6326.72	203.5112	0.9340081	0.752083	0.247917	4.843936
918	-6118.56	-6322.208	203.6481	1.028822	0.700607	0.299393	4.714518
924	-6118.27	-6320.929	202.6594	0.9080306	0.735271	0.264729	5.330705
930	-6121.246	-6325.025	203.7784	1.021783	0.735271	0.264729	4.645517
936	-6125.463	-6328.329	202.866	0.9967593	0.738908	0.261092	5.167493
942	-6126.726	-6329.488	202.7623	0.9305088	0.673152	0.326848	5.261472
948	-6125.492	-6328.011	202.5189	0.9340984	0.673152	0.326848	5.393778
954	-6123.767	-6327.675	203.9081	0.9773215	0.673152	0.326848	4.597758
960	-6115.857	-6318.735	202.8782	0.9347608	0.817712	0.182288	5.195024
966	-6121.431	-6324.8	203.369	0.9229997	0.817712	0.182288	4.929284
972	-6134.591	-6337.561	202.9695	0.9466834	0.744816	0.255184	5.137891
978	-6130.302	-6334.166	203.864	1.091233	0.740513	0.259487	4.558551
984	-6124.503	-6328.568	204.0646	1.122303	0.734692	0.265308	4.428215
990	-6117.279	-6320.08	202.8005	1.000252	0.72532	0.27468	5.201782
996	-6120.038	-6323.785	203.7469	0.9735192	0.730561	0.269439	4.690207
1002	-6119.859	-6324.022	204.1629	1.019036	0.730561	0.269439	4.431001
1008	-6114.023	-6318.287	204.2648	1.059285	0.772135	0.227865	4.350781
1014	-6124.848	-6329.015	204.1673	1.156858	0.764034	0.235966	4.350781
1020	-6124.92	-6327.777	202.8567	0.9711808	0.764034	0.235966	5.186757
1026	-6131.074	-6334.561	203.4871	0.9908022	0.679808	0.320192	4.825713
1032	-6129.295	-6332.834	203.5391	0.9387999	0.723365	0.276635	4.825713
1038	-6131.561	-6335.47	203.9098	1.091452	0.705739	0.294261	4.532723
1044	-6136.503	-6340.335	203.832	1.012419	0.744144	0.255856	4.620761
1050	-6141.621	-6345.281	203.6601	1.038001	0.641958	0.358042	4.702683
1056	-6131.935	-6335.602	203.6671	1.031014	0.710081	0.289919	4.702683
1062	-6137.345	-6341.408	204.0626	0.9752343	0.719024	0.280976	4.512112
1068	-6131.221	-6335.876	204.6557	1.032794	0.755953	0.244047	4.144306
1074	-6138.278	-6342.475	204.1974	1.064373	0.754607	0.245393	4.386009
1080	-6128.659	-6332.308	203.6487	0.9757908	0.692503	0.307497	4.743842
1086	-6125.907	-6328.628	202.7203	1.013827	0.726687	0.273313	5.238636
1092	-6120.246	-6323.668	203.422	1.003552	0.745616	0.254384	4.854909
1098	-6122.946	-6326.862	203.916	1.03383	0.745616	0.254384	4.561574
1104	-6114.939	-6318.842	203.9029	1.046959	0.745616	0.254384	4.561574
1110	-6115.541	-6319.024	203.483	1.071609	0.70231	0.29769	4.78291
1116	-6117.544	-6321.476	203.932	1.024025	0.70231	0.29769	4.558127
1122	-6124.866	-6329.348	204.4818	1.063679	0.765494	0.234506	4.225511
1128	-6131.869	-6335.635	203.7666	1.049834	0.759611	0.240389	4.636411
1134	-6130.132	-6334.346	204.2143	1.087749	0.791572	0.208428	4.363228
1140	-6133.752	-6339.679	205.9271	1.214427	0.772113	0.227887	3.304582
1146	-6125.252	-6332.246	206.9947	1.375025	0.751173	0.248827	2.563482
1152	-6132.725	-6337.895	205.1699	1.296301	0.694577	0.305423	3.698512
1158	-6131.184	-6336.432	205.2479	1.21989	0.734753	0.265247	3.69761
1164	-6131.785	-6335.932	204.1469	1.154582	0.734753	0.265247	4.363588
1170	-6131.92	-6336.308	204.3879	1.032525	0.773673	0.226327	4.296347
1176	-6141.479	-6345.258	203.7783	1.011277	0.732551	0.267449	4.651492
1182	-6142.184	-6345.836	203.6515	1.09452	0.835569	0.164431	4.675874
1188	-6123.589	-6327.319	203.7303	1.015683	0.666902	0.333098	4.675874
1194	-6134.087	-6337.62	203.533	0.922432	0.751445	0.248555	4.838224
1200	-6132.983	-6336.892	203.9089	0.9088097	0.751445	0.248555	4.635698
1206	-6120.632	-6324.617	203.9846	1.06349	0.751445	0.248555	4.506341
1212	-6134.698	-6338.716	204.0179	1.06349	0.728514	0.271486	4.487615
1218	-6139.221	-6343.22	203.9997	1.081775	0.726902	0.273098	4.487615
1224	-6121.321	-6325.342	204.0207	1.088104	0.726902	0.273098	4.472191
1230	-6133.584	-6338.283	204.6986	1.02237	0.73899	0.26101	4.125832
1236	-6132.905	-6336.415	203.51	0.9949629	0.73899	0.26101	4.810568
1242	-6131.117	-6335.145	204.0277	1.023377	0.733455	0.266545	4.504711
1248	-6137.748	-6341.73	203.9819	1.069096	0.722114	0.277886	4.504711
1254	-6126.709	-6331.182	204.4725	1.149986	0.795018	0.204982	4.181819
1260	-6139.011	-6343.664	204.6535	1.037077	0.803645	0.196355	4.143082
1266	-6125.943	-6330.438	204.4951	1.155467	0.726686	0.273314	4.165852
1272	-6126.369	-6331.063	204.6945	1.088835	0.726686	0.273314	4.09032
1278	-6130.827	-6335.54	204.7128	1.170161	0.687154	0.312846	4.033513
1284	-6125.666	-6328.988	203.3219	1.007099	0.767544	0.232456	4.908648
1290	-6125.773	-6329.027	203.2538	1.075232	0.742205	0.257795	4.908648
1296	-6122.583	-6326.346	203.7636	1.074574	0.699505	0.300495	4.624256
1302	-6120.931	-6324.094	203.1626	0.9564848	0.732725	0.267275	5.025357
1308	-6117.542	-6321.676	204.1334	1.114287	0.732725	0.267275	4.393929
1314	-6135.051	-6340.187	205.1358	1.161812	0.767082	0.232918	3.795807
1320	-6132.04	-6336.936	204.8956	1.161812	0.756549	0.243451	3.933746
1326	-6139.131	-6344.027	204.8956	1.161812	0.695772	0.304228	3.933746
1332	-6138.781	-6341.306	202.5251	0.9298778	0.719593	0.280407	5.392704
1338	-6132.993	-6337.315	204.3219	1.015452	0.753422	0.246578	4.343336
1344	-6129.494	-6333.923	204.429	1.03333	0.753422	0.246578	4.272593
1350	-6118.472	-6321.418	202.9462	0.9194133	0.730002	0.269998	5.165882
1356	-6134.57	-6338.791	204.2209	1.082731	0.799965	0.200035	4.362342
1362	-6133.37	-6337.646	204.2759	1.027759	0.679606	0.320394	4.362342
1368	-6123.265	-6328.36	205.0952	1.123587	0.737698	0.262302	3.841136
1374	-6129.237	-6333.612	204.3749	1.115802	0.752675	0.247325	4.25656
1380	-6123.606	-6327.977	204.371	1.119685	0.740118	0.259882	4.25656
1386	-6142.664	-6347.104	204.4408	1.049923	0.771176	0.228824	4.25656
1392	-6122.695	-6328.009	205.314	1.131492	0.771176	0.228824	3.710493
1398	-6128.701	-6331.536	202.8344	1.025675	0.785443	0.214557	5.16897
1404	-6123.871	-6327.417	203.5454	1.190339	0.734614	0.265386	4.681633
1410	-6123.403	-6328.194	204.791	1.112682	0.753617	0.246383	4.021662
1416	-6123.463	-6328.549	205.0862	1.122374	0.753617	0.246383	3.84704
1422	-6116.31	-6321.338	205.0279	1.122076	0.753617	0.246383	3.880713
1428	-6111.054	-6315.386	204.3329	1.045047	0.782281	0.217719	4.320351
1434	-6117.612	-6320.929	203.3169	1.031571	0.782281	0.217719	4.897841
1440	-6133.009	-6336.293	203.284	1.064443	0.727542	0.272458	4.897841
1446	-6135.463	-6339.282	203.8195	1.048917	0.727542	0.272458	4.607285
1452	-6128.327	-6331.947	203.6199	1.035337	0.71036	0.28964	4.726678
1458	-6124.399	-6328.921	204.5223	1.102548	0.733943	0.266057	4.180472
1464	-6126.006	-6331.196	205.1898	1.096189	0.701739	0.298261	3.802484
1470	-6120.018	-6324.954	204.9363	1.196405	0.698447	0.301553	3.890584
1476	-6117.792	-6322.571	204.7789	1.121864	0.704158	0.295842	4.023323
1482	-6140.97	-6346.238	205.2678	1.067078	0.705717	0.294283	3.774327
1488	-6134.462	-6338.83	204.368	1.170156	0.785643	0.214357	4.229655
1494	-6126.627	-6332.29	205.6636	1.215306	0.721099	0.278901	3.458675
1500	-6129.047	-6333.336	204.2891	1.110048	0.721099	0.278901	4.308356
1506	-6122.485	-6327.542	205.0562	1.07414	0.76705	0.23295	3.891971
1512	-6123.151	-6328.158	205.0068	1.12347	0.707215	0.292785	3.891971
1518	-6125.702	-6330.091	204.389	1.163867	0.730193	0.269807	4.221327
1524	-6129.483	-6333.377	203.8934	1.013656	0.730193	0.269807	4.585577
1530	-6136.674	-6340.956	204.2823	1.203377	0.74958	0.25042	4.259412
1536	-6134.666	-6339.731	205.065	1.206131	0.74958	0.25042	3.811033
1542	-6126.858	-6332.568	205.7095	1.212918	0.74958	0.25042	3.433179
1548	-6126.875	-6331.028	204.1531	1.001905	0.74958	0.25042	4.446188
1554	-6126.987	-6331.906	204.9197	1.088634	0.710524	0.289476	3.961869
1560	-6126.178	-6330.308	204.1298	1.063349	0.768196	0.231804	4.424712
1566	-6146.49	-6351.248	204.7584	1.154073	0.768196	0.231804	4.016679
1572	-6134.214	-6338.755	204.5409	1.147301	0.761192	0.238808	4.144432
1578	-6115.023	-6318.58	203.5573	1.105222	0.761192	0.238808	4.722582
1584	-6117.827	-6320.61	202.7828	0.9841581	0.715408	0.284592	5.220468
1590	-6132.869	-6334.975	202.1057	0.9424987	0.725393	0.274607	5.616418
1596	-6140.339	-6344.61	204.2715	0.9790163	0.772096	0.227904	4.392357
1602	-6131.634	-6333.993	202.3589	0.8863879	0.736645	0.263355	5.508112
1608	-6145.825	-6350.654	204.8284	1.08335	0.736645	0.263355	4.017071
1614	-6141.133	-6343.707	202.574	0.954143	0.817837	0.182163	5.352387
1620	-6141.475	-6345.446	203.9708	0.9923684	0.81999	0.18001	4.554092
1626	-6123.867	-6328.669	204.8019	1.144232	0.716845	0.283155	3.997424
1632	-6129.017	-6334.099	205.0821	1.165115	0.694559	0.305441	3.824825
1638	-6120.545	-6325.748	205.203	1.165115	0.813124	0.186876	3.755151
1644	-6135.545	-6340.563	205.0181	1.165115	0.759185	0.240815	3.861601
1650	-6135.314	-6338.743	203.4296	1.015258	0.766298	0.233702	4.844104
1656	-6128.464	-6331.852	203.3879	1.057004	0.761765	0.238235	4.844104
1662	-6127.419	-6330.512	203.0938	1.01714	0.660918	0.339082	5.029872
1668	-6140.575	-6344.439	203.8647	1.095289	0.772318	0.227682	4.555883
1674	-6147.605	-6351.771	204.1665	1.061259	0.752669	0.247331	4.405166
1680	-6138.213	-6342.346	204.1328	1.08597	0.775959	0.224041	4.41025
1686	-6132.236	-6336.438	204.2018	1.030108	0.71731	0.28269	4.40286
1692	-6129.423	-6332.661	203.2386	0.9818089	0.733695	0.266305	4.969092
1698	-6127.145	-6329.886	202.7413	1.023923	0.733695	0.266305	5.221441
1704	-6132.071	-6335.674	203.6031	1.141104	0.743569	0.256431	4.676875
1710	-6142.047	-6345.215	203.1678	1.140311	0.781393	0.218607	4.920315
1716	-6124.594	-6328.943	204.3489	1.043233	0.772454	0.227546	4.312356
1722	-6132.28	-6335.973	203.6924	1.02511	0.708537	0.291463	4.691844
1728	-6119.576	-6322.939	203.3624	1.026586	0.730979	0.269021	4.875279
1734	-6120.481	-6323.839	203.3577	1.031233	0.752471	0.247529	4.875279
1740	-6136.85	-6340.964	204.1146	1.043395	0.822303	0.177697	4.444483
1746	-6127.549	-6331.672	204.1235	1.034526	0.736274	0.263726	4.444483
1752	-6136.719	-6341.726	205.0069	1.274506	0.736274	0.263726	3.805151
1758	-6145.489	-6350.185	204.696	1.208361	0.736274	0.263726	4.021292
1764	-6145.387	-6348.812	203.425	0.9553043	0.730373	0.269627	4.880121
1770	-6146.568	-6352.14	205.5724	1.182785	0.77873	0.22127	3.530849
1776	-6130.727	-6336.344	205.6171	1.237958	0.770954	0.229046	3.472573
1782	-6127.481	-6332.852	205.3711	1.196784	0.787412	0.212588	3.63968
1788	-6126.466	-6332.043	205.5778	1.204925	0.758305	0.241695	3.514801
1794	-6136.464	-6340.366	203.9016	1.023077	0.757339	0.242661	4.575687
1800	-6124.214	-6326.883	202.6693	0.9513305	0.757339	0.242661	5.301334
1806	-6127.456	-6331.049	203.5931	1.096334	0.747284	0.252716	4.707524
1812	-6127.137	-6331.133	203.9958	1.001791	0.731226	0.268774	4.534766
1818	-6134.05	-6336.786	202.7362	1.048934	0.731226	0.268774	5.21041
1824	-6126.072	-6330.533	204.4614	1.142095	0.754401	0.245599	4.192575
1830	-6129.735	-6334.224	204.4891	1.114423	0.772245	0.227755	4.192575
1836	-6121.885	-6325.165	203.2795	0.9956007	0.745458	0.254542	4.93865
1842	-6124.646	-6329.48	204.8339	1.147056	0.694443	0.305557	3.977541
1848	-6123.419	-6328.229	204.81	1.097033	0.76286	0.23714	4.019774
1854	-6123.212	-6327.07	203.8585	1.085143	0.698202	0.301798	4.565076
1860	-6117.356	-6321.152	203.7959	1.031989	0.801818	0.198182	4.629978
1866	-6127.056	-6330.616	203.5599	0.98305	0.727761	0.272239	4.7894
1872	-6126.707	-6332.292	205.5845	1.22951	0.742748	0.257252	3.496571
1878	-6134.417	-6338.335	203.9181	1.125918	0.731327	0.268673	4.508654
1884	-6128.247	-6332.472	204.225	1.106595	0.747582	0.252418	4.346567
1890	-6134.358	-6338.579	204.2211	1.133159	0.747355	0.252645	4.333754
1896	-6142.774	-6347.02	204.2452	1.062739	0.718437	0.281563	4.359951
1902	-6130.821	-6334.733	203.9113	1.112301	0.705677	0.294323	4.52011
1908	-6122.433	-6326.485	204.0519	1.066205	0.723207	0.276793	4.466994
1914	-6116.685	-6320.882	204.1971	1.13704	0.727248	0.272752	4.345111
1920	-6127.965	-6333.121	205.156	1.198331	0.727248	0.272752	3.763098
1926	-6131.443	-6337.042	205.5993	1.194585	0.753726	0.246274	3.508275
1932	-6138.531	-6343.505	204.9737	1.026158	0.728408	0.271592	3.966717
1938	-6127.287	-6330.739	203.4515	1.029086	0.731429	0.268571	4.824179
1944	-6128.909	-6332.265	203.3567	1.006974	0.692879	0.307121	4.889382
1950	-6130.892	-6333.626	202.7341	0.9742402	0.760649	0.239351	5.252863
1956	-6125.049	-6329.312	204.2625	0.9724817	0.758901	0.241099	4.401115
1962	-6111.236	-6315.9	204.664	1.180448	0.733446	0.266554	4.055482
1968	-6122.503	-6328.735	206.232	1.202138	0.738927	0.261073	3.131323
1974	-6122.053	-6325.353	203.3004	1.123516	0.752981	0.247019	4.855774
1980	-6123.165	-6326.19	203.0253	1.019065	0.790806	0.209194	5.066846
1986	-6128.645	-6331.52	202.8749	0.9733451	0.790213	0.209787	5.175524
1992	-6121.012	-6325.006	203.9942	0.9721883	0.696118	0.303882	4.552285
1998	-6145.199	-6349.23	204.0307	1.115698	0.780537	0.219463	4.451059
2004	-6138.31	-6340.645	202.3353	1.04459	0.75642	0.24358	5.434085
2010	-6137.49	-6340.191	202.7014	0.9594243	0.700636	0.299364	5.279146
2016	-6117.955	-6322.412	204.4574	1.120774	0.716398	0.283602	4.206976
2022	-6117.26	-6321.446	204.1855	1.060298	0.716398	0.283602	4.394989
2028	-6118.837	-6322.92	204.0839	1.060298	0.765676	0.234324	4.452293
2034	-6119.894	-6324.703	204.8087	1.076496	0.765676	0.234324	4.032203
2040	-6130.012	-6333.582	203.5694	1.049251	0.765676	0.234324	4.747091
2046	-6129.377	-6333.744	204.3664	1.016573	0.765676	0.234324	4.317494
2052	-6121.55	-6324.807	203.2575	1.020337	0.717062	0.282938	4.937157
2058	-6141.946	-6345.009	203.0631	1.018973	0.717062	0.282938	5.045902
2064	-6119.937	-6323.194	203.2573	1.039184	0.717062	0.282938	4.926792
2070	-6146.146	-6351.794	205.6472	1.25064	0.785742	0.214258	3.447566
2076	-6138.851	-6343.936	205.0853	1.086934	0.733271	0.266729	3.867897
2082	-6119.066	-6325.398	206.3321	1.195581	0.723762	0.276238	3.075563
2088	-6118.111	-6323.785	205.6746	1.210169	0.723762	0.276238	3.455228
2094	-6121.322	-6326.685	205.3634	1.134392	0.76076	0.23924	3.680239
2100	-6128.885	-6333.531	204.6463	1.11133	0.798789	0.201211	4.104959
2106	-6126.754	-6331.395	204.6416	1.116018	0.798795	0.201205	4.104959
2112	-6121.638	-6326.18	204.542	1.091966	0.701009	0.298991	4.17526
2118	-6122.106	-6325.98	203.8741	0.9511029	0.74742	0.25258	4.631505
2124	-6124.952	-6328.47	203.5183	0.9065028	0.74742	0.25258	4.855297
2130	-6124.908	-6329.618	204.7102	1.087259	0.755231	0.244769	4.082239
2136	-6130.026	-6333.759	203.7333	1.125715	0.78063	0.21937	4.612525
2142	-6128.146	-6333.254	205.1089	1.125715	0.78063	0.21937	3.83205
2148	-6123.988	-6328.41	204.4213	1.136222	0.767013	0.232987	4.218653
2154	-6137.185	-6340.623	203.4376	1.031687	0.693253	0.306747	4.830473
2160	-6137.827	-6340.11	202.2829	0.9084969	0.727759	0.272241	5.537766
2166	-6132.29	-6335.48	203.1899	0.9978457	0.79917	0.20083	4.987261
2172	-6132.481	-6335.242	202.7612	1.06215	0.79917	0.20083	5.189309
2178	-6132.306	-6335.214	202.9083	0.9150036	0.665491	0.334509	5.189309
2184	-6129.197	-6331.314	202.1166	0.855067	0.780085	0.219915	5.658388
2190	-6135.974	-6338.775	202.8007	1.11137	0.713621	0.286379	5.140172
2196	-6122.861	-6327.694	204.8334	1.181209	0.755084	0.244916	3.958281
2202	-6138.118	-6342.071	203.9527	1.065261	0.753359	0.246641	4.523303
2208	-6135.46	-6339.037	203.5763	1.03132	0.805216	0.194784	4.753266
2214	-6121.393	-6325.276	203.8833	1.04444	0.773669	0.226331	4.573989
2220	-6125.148	-6329.029	203.8808	1.046962	0.71501	0.28499	4.573989
2226	-6127.496	-6331.324	203.8282	1.075278	0.697895	0.302105	4.587584
2232	-6129.486	-6334.491	205.0047	1.116477	0.701568	0.298432	3.897198
2238	-6133.531	-6338.699	205.1679	1.114997	0.712147	0.287853	3.804258
2244	-6129.369	-6332.922	203.5524	0.9748076	0.738576	0.261424	4.79819
2250	-6126.993	-6330.794	203.8012	1.101745	0.72511	0.27489	4.587884
2256	-6121.873	-6325.736	203.8631	1.039835	0.787952	0.212048	4.587884
2262	-6119.129	-6322.482	203.3531	1.044385	0.787169	0.212831	4.870541
2268	-6111.67	-6316.084	204.4137	1.109391	0.769046	0.230954	4.238211
2274	-6112.974	-6317.335	204.3612	1.056916	0.751916	0.248084	4.29765
2280	-6118.468	-6323.807	205.3389	1.14779	0.719798	0.280202	3.686662
2286	-6122.591	-6326.736	204.1445	1.038733	0.795343	0.204657	4.430286
2292	-6125.741	-6328.854	203.113	1.01958	0.775719	0.224281	5.017878
2298	-6127.74	-6332.399	204.6589	1.109688	0.777508	0.222492	4.098689
2304	-6124.566	-6329.449	204.8825	1.101599	0.70084	0.29916	3.975694
2310	-6134.547	-6339.644	205.0967	1.204438	0.713426	0.286574	3.793797
2316	-6133.101	-6336.014	202.913	1.048494	0.722184	0.277816	5.11281
2322	-6122.232	-6325.085	202.8538	0.9307845	0.722184	0.277816	5.210715
2328	-6138.61	-6341.429	202.819	0.9656244	0.805029	0.194971	5.210715
2334	-6133.665	-6338.295	204.6296	1.141482	0.719682	0.280318	4.097314
2340	-6125.258	-6330.317	205.0593	1.078376	0.729908	0.270092	3.887734
2346	-6134.308	-6337.968	203.6603	1.085111	0.746827	0.253173	4.676212
2352	-6130.751	-6335.71	204.9594	1.087682	0.769888	0.230112	3.9397
2358	-6125.959	-6329.842	203.8831	1.11895	0.758104	0.241896	4.53227
2364	-6123.368	-6327.106	203.7379	1.00525	0.749501	0.250499	4.677488
2370	-6118.052	-6321.769	203.7164	1.026679	0.815724	0.184276	4.677488
2376	-6123.217	-6326.946	203.7293	1.013868	0.724502	0.275498	4.677488
2382	-6130.312	-6333.992	203.6802	1.0629	0.70395	0.29605	4.677488
2388	-6138.981	-6343.106	204.1254	1.006754	0.747281	0.252719	4.459078
2394	-6134.52	-6338.587	204.067	1.065155	0.747281	0.252719	4.459078
2400	-6139.966	-6344.606	204.6398	1.138329	0.786896	0.213104	4.093264
2406	-6131.456	-6336.542	205.0854	1.131674	0.761993	0.238007	3.842119
2412	-6136.743	-6342.442	205.6991	1.17718	0.761993	0.238007	3.460216
2418	-6122.587	-6328.09	205.5034	1.242029	0.77925	0.22075	3.536544
2424	-6133.165	-6339.154	205.9887	1.289898	0.750884	0.249116	3.223607
2430	-6127.292	-6333.895	206.6023	1.29584	0.788342	0.211658	2.852755
2436	-6129.874	-6335.278	205.4041	1.319054	0.787068	0.212932	3.549503
2442	-6127.482	-6333.249	205.7675	1.165165	0.74201	0.25799	3.427193
2448	-6138.833	-6344.368	205.535	1.20618	0.687005	0.312995	3.538999
2454	-6130.889	-6335.59	204.7013	1.143303	0.771136	0.228864	4.055368
2460	-6130.269	-6335.612	205.343	1.170578	0.771136	0.228864	3.671127
2466	-6133.135	-6336.98	203.8453	1.082413	0.771136	0.228864	4.573998
2472	-6133.289	-6337.844	204.5556	1.125845	0.74924	0.25076	4.148317
2478	-6133.56	-6338.257	204.6965	1.071922	0.718252	0.281748	4.098788
2484	-6134.523	-6339.175	204.6518	1.094028	0.716426	0.283574	4.111666
2490	-6141.717	-6344.205	202.4885	0.9277294	0.752003	0.247997	5.414062
2496	-6123.759	-6326.26	202.5009	0.9352179	0.752003	0.247997	5.403099
2502	-6122.938	-6326.559	203.621	1.050583	0.778612	0.221388	4.717518
2508	-6131.996	-6336.103	204.1071	1.11295	0.778612	0.221388	4.409501
2514	-6131.391	-6336.987	205.5956	1.120556	0.778612	0.221388	3.553542
2520	-6119.468	-6325.05	205.582	1.239875	0.783702	0.216298	3.491983
2526	-6125.103	-6330.472	205.369	1.129006	0.783702	0.216298	3.68012
2532	-6130.876	-6334.224	203.3477	1.051978	0.783702	0.216298	4.869316
2538	-6123.635	-6326.783	203.1485	1.041952	0.760352	0.239648	4.985717
2544	-6132.631	-6336.543	203.9124	1.036224	0.73447	0.26553	4.562247
2550	-6138.936	-6343.919	204.9835	1.091531	0.715366	0.284634	3.923673
2556	-6117.791	-6322.575	204.7838	1.067116	0.77857	0.22143	4.05181
2562	-6127.692	-6331.446	203.7546	1.037784	0.682191	0.317809	4.649924
2568	-6121.735	-6324.729	202.9942	0.9203392	0.752797	0.247203	5.138784
2574	-6128.148	-6330.981	202.8325	0.9204633	0.765682	0.234318	5.228215
2580	-6125.063	-6327.678	202.6151	0.9744098	0.776925	0.223075	5.318527
2586	-6125.365	-6328.569	203.204	0.9151451	0.776925	0.223075	5.025337
2592	-6123.572	-6328.219	204.6467	1.074768	0.765875	0.234125	4.125554
2598	-6130.221	-6335.363	205.142	1.142281	0.835316	0.164684	3.80347
2604	-6122.556	-6327.892	205.336	1.240696	0.720629	0.279371	3.63455
2610	-6118.341	-6324.549	206.2081	1.290188	0.797038	0.202962	3.093101
2616	-6124.911	-6331.138	206.2274	1.324342	0.797038	0.202962	3.061204
2622	-6126.782	-6332.563	205.7804	1.26728	0.788338	0.211662	3.359757
2628	-6122.565	-6328.438	205.8732	1.242892	0.759933	0.240067	3.319507
2634	-6121.382	-6326.288	204.9063	1.196824	0.759933	0.240067	3.907563
2640	-6121.865	-6326.182	204.3178	1.115732	0.760475	0.239525	4.288931
2646	-6123.339	-6327.675	204.3361	1.097435	0.760475	0.239525	4.288931
2652	-6120.39	-6324.579	204.189	1.09754	0.77035	0.22965	4.371985
2658	-6111.964	-6316.3	204.3355	1.143926	0.77035	0.22965	4.262928
2664	-6115.504	-6317.853	202.3486	0.9561052	0.675094	0.324906	5.475442
2670	-6123.895	-6327.807	203.9113	1.056472	0.677015	0.322985	4.551499
2676	-6113.943	-6317.572	203.629	1.004373	0.77509	0.22491	4.738853
2682	-6111.78	-6315.602	203.822	0.949462	0.798364	0.201636	4.661594
2688	-6120.347	-6323.787	203.4397	1.022581	0.738649	0.261351	4.834379
2694	-6121.542	-6324.911	203.369	1.02879	0.738649	0.261351	4.870356
2700	-6128.17	-6332.184	204.0139	1.010952	0.734472	0.265528	4.519439
2706	-6114.887	-6319.287	204.4008	1.017661	0.734472	0.265528	4.297475
2712	-6125.364	-6329.045	203.6811	0.956142	0.760869	0.239131	4.736693
2718	-6125.44	-6329.183	203.743	1.047952	0.752077	0.247923	4.650698
2724	-6119.043	-6323.345	204.3026	1.065529	0.719694	0.280306	4.325899
2730	-6126.476	-6330.554	204.0776	1.053293	0.795458	0.204542	4.459746
2736	-6131.398	-6335.806	204.408	1.134325	0.75466	0.24534	4.22731
2742	-6131.663	-6335.502	203.8384	1.066889	0.75466	0.24534	4.58659
2748	-6126.735	-6329.769	203.0348	1.008036	0.75466	0.24534	5.067718
2754	-6127.525	-6330.543	203.0181	0.9768888	0.763632	0.236368	5.094199
2760	-6137.701	-6342.051	204.3491	1.083974	0.733072	0.266928	4.289193
2766	-6130.5	-6334.605	204.1055	1.083335	0.764089	0.235911	4.427144
2772	-6137.55	-6341.676	204.1265	1.127462	0.764089	0.235911	4.390378
2778	-6140.502	-6343.902	203.3991	1.004014	0.700192	0.299808	4.867396
2784	-6147.947	-6350.397	202.4501	0.9197099	0.741921	0.258079	5.439593
2790	-6131.121	-6334.918	203.7963	1.034898	0.763879	0.236121	4.628152
2796	-6130.91	-6334.757	203.847	0.9841924	0.764861	0.235139	4.628152
2802	-6124.892	-6328.47	203.5781	0.9823965	0.764861	0.235139	4.779596
2808	-6128.841	-6331.506	202.6649	0.9119767	0.716834	0.283166	5.325507
2814	-6134.624	-6338.733	204.1098	1.137006	0.747193	0.252807	4.394448
2820	-6134.19	-6339.267	205.0766	1.134443	0.735355	0.264645	3.845619
2826	-6140.052	-6344.091	204.0395	1.070914	0.735355	0.264645	4.47132
2832	-6122.071	-6326.358	204.2872	1.081245	0.735355	0.264645	4.325718
2838	-6134.843	-6339.413	204.5692	1.174369	0.705347	0.294653	4.112946
2844	-6123.47	-6327.263	203.7927	1.12166	0.75842	0.24158	4.581502
2850	-6123.984	-6328.418	204.4343	1.072422	0.746237	0.253763	4.247457
2856	-6132.224	-6336.569	204.3452	1.092312	0.746237	0.253763	4.286656
2862	-6120.443	-6324.609	204.1656	1.191684	0.707001	0.292999	4.332067
2868	-6122.961	-6326.355	203.394	1.089885	0.705428	0.294572	4.822346
2874	-6116.332	-6321.072	204.7397	1.145401	0.802407	0.197593	4.032283
2880	-6124.097	-6329.111	205.0139	1.144954	0.752618	0.247382	3.875573
2886	-6116.898	-6322.527	205.6288	1.173793	0.747545	0.252455	3.503224
2892	-6123.822	-6328.526	204.7045	1.06872	0.726425	0.273575	4.096075
2898	-6119.991	-6323.988	203.9964	1.108217	0.775946	0.224054	4.474563
2904	-6129.364	-6333.533	204.1689	1.107191	0.72632	0.27368	4.377889
2910	-6125.855	-6330.673	204.8181	1.065118	0.741873	0.258127	4.033363
2916	-6138.156	-6341.767	203.6113	1.065118	0.775106	0.224894	4.714803
2922	-6137.006	-6340.235	203.2296	1.072354	0.797948	0.202052	4.923699
2928	-6123.924	-6327.617	203.6923	1.02645	0.760829	0.239171	4.691136
2934	-6125.435	-6328.566	203.1317	0.9528244	0.740053	0.259947	5.044583
2940	-6121.984	-6326.4	204.4163	1.091841	0.740053	0.259947	4.246649
2946	-6114.306	-6318.733	204.4273	1.054428	0.800758	0.199242	4.261651
2952	-6126.726	-6331.221	204.495	1.082083	0.686503	0.313497	4.207548
2958	-6130.821	-6334.172	203.3513	1.020279	0.685237	0.314763	4.884965
2964	-6116.33	-6320.198	203.8682	1.039274	0.781399	0.218601	4.585386
2970	-6114.136	-6316.825	202.6892	1.056111	0.781399	0.218601	5.232438
2976	-6130.402	-6334.371	203.9687	1.074012	0.830398	0.169602	4.509412
2982	-6122.996	-6326.652	203.6557	0.9676452	0.778538	0.221462	4.744487
2988	-6113.688	-6316.932	203.2442	0.9722467	0.778538	0.221462	4.971275
2994	-6121.837	-6325.497	203.6594	1.002759	0.747722	0.252278	4.722768
3000	-6121.595	-6325.751	204.155	1.164029	0.747722	0.252278	4.353634
3006	-6120.886	-6325.604	204.7177	1.105047	0.746542	0.253458	4.067836
3012	-6123.326	-6327.417	204.0913	1.097118	0.667777	0.332223	4.427333
3018	-6123.298	-6326.913	203.6149	0.9825169	0.783066	0.216934	4.758956
3024	-6121.446	-6325.7	204.2543	1.142901	0.750079	0.249921	4.309493
3030	-6116.499	-6321.579	205.0796	1.207227	0.738116	0.261884	3.802018
3036	-6122.64	-6327.469	204.8287	1.137096	0.73959	0.26041	3.986196
3042	-6130.928	-6336.16	205.2324	1.154873	0.784463	0.215537	3.744111
3048	-6127.861	-6333.268	205.4067	1.236904	0.74931	0.25069	3.595726
3054	-6128.476	-6331.383	202.9074	0.9304744	0.717742	0.282258	5.181255
3060	-6118.159	-6321.93	203.7708	1.017547	0.717742	0.282258	4.652136
3066	-6127.818	-6331.977	204.1587	1.007666	0.717742	0.282258	4.439812
3072	-6138.936	-6343.166	204.2297	1.076626	0.738205	0.261795	4.360841
3078	-6128.208	-6332.828	204.6193	1.114425	0.731721	0.268279	4.118562
3084	-6139.565	-6344.188	204.6232	1.110506	0.752906	0.247094	4.118562
3090	-6139.768	-6343.612	203.8449	1.125968	0.765971	0.234029	4.549794
3096	-6129.903	-6334.702	204.7992	1.125968	0.699057	0.300943	4.009429
3102	-6139.581	-6344.841	205.2604	1.237995	0.737992	0.262008	3.679942
3108	-6138.551	-6343.375	204.824	1.083877	0.748312	0.251688	4.019259
3114	-6122.63	-6325.965	203.3347	1.118331	0.712839	0.287161	4.839575
3120	-6144.558	-6348.112	203.5536	1.053462	0.732626	0.267374	4.753601
3126	-6139.579	-6344.238	204.6591	1.039487	0.665869	0.334131	4.138539
3132	-6123.156	-6328.202	205.0467	1.103466	0.758395	0.241605	3.880586
3138	-6138.121	-6342.769	204.6475	1.058019	0.799027	0.200973	4.134592
3144	-6135.407	-6340.008	204.6008	1.143595	0.712605	0.287395	4.112478
3150	-6140.921	-6347.054	206.1334	1.260823	0.742954	0.257046	3.155062
3156	-6130.309	-6335.696	205.3865	1.242118	0.741332	0.258668	3.604421
3162	-6141.057	-6346.057	205.0004	1.099908	0.796734	0.203266	3.909159
3168	-6135.669	-6340.747	205.0781	1.173184	0.725025	0.274975	3.82248
3174	-6126.97	-6332.082	205.1126	1.111227	0.725025	0.274975	3.83829
3180	-6126.414	-6331.618	205.2039	1.176457	0.725025	0.274975	3.748139
3186	-6132.253	-6338.018	205.765	1.179754	0.711527	0.288473	3.420118
3192	-6130.851	-6336.053	205.2016	1.179754	0.718822	0.281178	3.747515
3198	-6123.897	-6328.521	204.6242	1.035811	0.740297	0.259703	4.160448
3204	-6126.727	-6330.256	203.5292	1.079033	0.713703	0.286297	4.752958
3210	-6124.56	-6328.984	204.4247	1.022101	0.772465	0.227535	4.281402
3216	-6116.189	-6320.601	204.4119	1.143126	0.718619	0.281381	4.220091
3222	-6125.549	-6330.54	204.9913	1.164935	0.79163	0.20837	3.877076
3228	-6125.804	-6330.44	204.6355	1.142217	0.701319	0.298681	4.093489
3234	-6121.623	-6326.505	204.882	1.124258	0.746989	0.253011	3.963018
3240	-6127.546	-6331.585	204.0388	1.074618	0.746989	0.253011	4.469632
3246	-6126.036	-6329.831	203.7945	1.036527	0.729088	0.270912	4.628263
3252	-6139.604	-6343.632	204.0277	1.169369	0.679406	0.320594	4.422457
3258	-6126.37	-6330.479	204.1087	1.088403	0.693653	0.306347	4.422457
3264	-6119.672	-6323.049	203.3776	0.9622169	0.724967	0.275033	4.902647
3270	-6121.205	-6326.585	205.3797	1.176875	0.724967	0.275033	3.64625
3276	-6115.738	-6320.906	205.1682	1.100347	0.671952	0.328048	3.812536
3282	-6123.864	-6329.021	205.1565	1.11205	0.772132	0.227868	3.812536
3288	-6132.416	-6336.565	204.149	1.144789	0.750967	0.249033	4.367927
3294	-6124.814	-6329.072	204.2581	1.197803	0.758751	0.241249	4.276269
3300	-6139.109	-6343.532	204.4235	1.098503	0.716113	0.283887	4.238829
3306	-6115.895	-6320.129	204.2345	1.078801	0.775941	0.224059	4.356897
3312	-6115.278	-6318.171	202.8926	0.8985879	0.775941	0.224059	5.207105
3318	-6127.978	-6330.909	202.931	0.8601768	0.684384	0.315616	5.207105
3324	-6119.166	-6323.574	204.4079	1.030686	0.724201	0.275799	4.286085
3330	-6135.414	-6341.314	205.9001	1.21679	0.765432	0.234568	3.319058
3336	-6135.352	-6339.614	204.2618	0.9430188	0.765432	0.234568	4.418138
3342	-6137.653	-6340.292	202.6394	0.9176226	0.765432	0.234568	5.336448
3348	-6127.827	-6330.919	203.0918	0.9701521	0.765432	0.234568	5.057094
3354	-6118.084	-6322.141	204.0569	1.089228	0.751476	0.248524	4.451197
3360	-6129.179	-6333.871	204.6926	1.109623	0.80647	0.19353	4.079534
3366	-6128.366	-6332.653	204.2864	1.056877	0.701769	0.298231	4.339985
3372	-6123.435	-6326.959	203.5245	1.086966	0.748883	0.251117	4.751151
3378	-6129.175	-6332.459	203.2836	1.018724	0.748883	0.251117	4.923494
3384	-6119.939	-6324.454	204.5157	1.084974	0.738393	0.261607	4.194166
3390	-6125.385	-6329.329	203.9443	1.055219	0.660225	0.339775	4.533656
3396	-6127.565	-6332.567	205.0019	1.019642	0.812288	0.187712	3.954305
3402	-6120.32	-6323.687	203.3664	0.9649723	0.786396	0.213604	4.907366
3408	-6122.567	-6326.676	204.1094	1.002506	0.792695	0.207305	4.470457
3414	-6108.133	-6311.661	203.5277	0.9445145	0.723971	0.276029	4.828839
3420	-6142.414	-6346.91	204.4958	1.083871	0.736988	0.263012	4.206095
3426	-6137.501	-6342.251	204.7502	1.136492	0.732551	0.267449	4.031392
3432	-6120.966	-6326.297	205.3312	1.202173	0.775332	0.224668	3.65964
3438	-6118.791	-6324.521	205.7299	1.23161	0.749567	0.250433	3.410329
3444	-6126.843	-6332.147	205.3032	1.136596	0.784225	0.215775	3.713774
3450	-6114.628	-6318.614	203.9858	1.000903	0.738661	0.261339	4.540871
3456	-6122.943	-6326.939	203.9958	1.059483	0.785597	0.214403	4.502327
3462	-6118.391	-6322.003	203.612	1.039458	0.77544	0.22456	4.728792
3468	-6132.795	-6337.457	204.6619	1.068247	0.730096	0.269904	4.120587
3474	-6126.741	-6331.372	204.6311	1.099068	0.730096	0.269904	4.120587
3480	-6120.708	-6324.761	204.053	1.105199	0.730096	0.269904	4.444386
3486	-6123.304	-6327.63	204.3253	1.125569	0.750731	0.249269	4.279112
3492	-6123.418	-6327.461	204.0434	1.099442	0.747657	0.252343	4.453022
3498	-6127.022	-6331.678	204.6563	1.037805	0.746077	0.253923	4.141086
3504	-6127.461	-6331.031	203.5696	1.074389	0.793337	0.206663	4.732947
3510	-6127.068	-6330.94	203.8718	1.026093	0.708821	0.291179	4.590753
3516	-6128.659	-6332.212	203.5524	0.9179761	0.708821	0.291179	4.829896
3522	-6140.263	-6344.939	204.676	1.196303	0.802859	0.197141	4.039603
3528	-6128.507	-6333.45	204.9429	1.092643	0.771019	0.228981	3.946259
3534	-6125.143	-6330.031	204.8884	1.243946	0.757112	0.242888	3.890817
3540	-6121.531	-6326.593	205.0619	1.300303	0.75341	0.24659	3.758601
3546	-6120.238	-6325.392	205.1542	1.168806	0.707807	0.292193	3.781155
3552	-6119.451	-6323.903	204.4521	1.042482	0.721116	0.278884	4.254322
3558	-6127.806	-6330.849	203.0428	0.8973276	0.721116	0.278884	5.124623
3564	-6124.703	-6329.332	204.6289	1.114413	0.750119	0.249881	4.11309
3570	-6118.787	-6324.211	205.4244	1.121396	0.734052	0.265948	3.652453
3576	-6129.622	-6334.191	204.5685	1.106891	0.762135	0.237865	4.151708
3582	-6137.074	-6340.509	203.4349	1.043853	0.642092	0.357908	4.825227
3588	-6117.963	-6322.03	204.0677	1.041443	0.753801	0.246199	4.472
3594	-6124.213	-6326.887	202.6739	0.9772436	0.692443	0.307557	5.284462
3600	-6120.998	-6325.318	204.3206	1.028288	0.734698	0.265302	4.336782
3606	-6130.22	-6334.481	204.2605	1.075733	0.734698	0.265302	4.343947
3612	-6126.528	-6330.797	204.269	1.075733	0.780884	0.219116	4.33913
3618	-6126.427	-6330.712	204.2845	1.075733	0.780884	0.219116	4.330365
3624	-6139.908	-6343.492	203.5834	1.019996	0.682045	0.317955	4.755629
3630	-6126.158	-6331.073	204.9148	1.094217	0.737407	0.262593	3.96144
3636	-6125.555	-6330.994	205.4381	1.195347	0.737407	0.262593	3.60161
3642	-6126.346	-6331.974	205.6271	1.213659	0.717353	0.282647	3.480922
3648	-6124.389	-6329.518	205.1294	1.213594	0.741502	0.258498	3.769664
3654	-6118.075	-6323.241	205.1653	1.177737	0.741502	0.258498	3.769664
3660	-6110.372	-6315.77	205.3981	1.245581	0.741502	0.258498	3.595674
3666	-6130.028	-6336.374	206.3457	1.208052	0.741502	0.258498	3.060016
3672	-6138.342	-6342.848	204.5059	1.093141	0.74846	0.25154	4.195128
3678	-6119.419	-6324.003	204.5844	1.078171	0.786782	0.213218	4.159038
3684	-6122.909	-6327.228	204.3195	1.069391	0.736037	0.263963	4.314149
3690	-6129.435	-6334.761	205.3254	1.165278	0.736037	0.263963	3.684407
3696	-6132.767	-6337.902	205.1349	1.133265	0.736037	0.263963	3.812789
3702	-6127.441	-6332.404	204.9636	1.108159	0.732793	0.267207	3.925514
3708	-6123.465	-6328.649	205.1839	1.10823	0.687058	0.312942	3.798977
3714	-6128.788	-6333.147	204.3591	1.182495	0.687058	0.312942	4.227685
3720	-6130.047	-6333.792	203.7449	1.135632	0.721557	0.278443	4.600475
3726	-6138.097	-6341.657	203.5599	1.145947	0.696584	0.303416	4.698374
3732	-6138.395	-6341.309	202.9148	0.9987586	0.696584	0.303416	5.139364
3738	-6132.415	-6335.45	203.0346	0.9689262	0.714715	0.285285	5.089471
3744	-6139.415	-6342.052	202.6369	0.971904	0.743324	0.256676	5.30785
3750	-6128.012	-6330.98	202.9673	1.057439	0.7634	0.2366	5.077714
3756	-6130.624	-6333.682	203.058	0.9667955	0.745535	0.254465	5.077714
3762	-6124.345	-6329.059	204.714	1.081533	0.745535	0.254465	4.083341
3768	-6120.969	-6325.25	204.2813	1.073548	0.704501	0.295499	4.333429
3774	-6121.062	-6325.972	204.9097	1.105601	0.704501	0.295499	3.957889
3780	-6124.133	-6328.534	204.4009	1.074966	0.772475	0.227525	4.264969
3786	-6114.268	-6317.975	203.7073	1.043898	0.7941	0.2059	4.67296
3792	-6115.206	-6318.932	203.7267	1.024464	0.727408	0.272592	4.67296
3798	-6113.481	-6316.895	203.4136	1.03962	0.725252	0.274748	4.839458
3804	-6121.993	-6325.742	203.7494	1.03962	0.754246	0.245754	4.651801
3810	-6122.45	-6326.151	203.7008	0.9946725	0.754246	0.245754	4.704153
3816	-6114.33	-6317.995	203.6645	1.030959	0.760575	0.239425	4.704153
3822	-6130.533	-6335.043	204.5107	1.077325	0.760575	0.239425	4.201359
3828	-6126.761	-6329.899	203.1372	1.046802	0.709192	0.290808	4.989313
3834	-6120.016	-6322.956	202.9399	0.95537	0.847271	0.152729	5.1495
3840	-6123.172	-6325.946	202.7735	0.976373	0.816347	0.183653	5.229914
3846	-6137.877	-6342.48	204.6036	1.056351	0.692899	0.307101	4.160509
3852	-6126.29	-6330.534	204.2438	1.108221	0.731046	0.268954	4.33504
3858	-6129.245	-6333.916	204.6714	1.056075	0.726852	0.273148	4.122128
3864	-6131.305	-6336.502	205.1961	1.120037	0.745077	0.254923	3.78516
3870	-6119.199	-6323.129	203.9296	1.028958	0.745798	0.254202	4.5567
3876	-6117.898	-6320.844	202.9462	0.9622374	0.781232	0.218768	5.142177
3882	-6124.859	-6328.541	203.6818	1.151009	0.707926	0.292074	4.627217
3888	-6129.474	-6334.637	205.1635	1.135785	0.759163	0.240837	3.794847
3894	-6125.183	-6329.062	203.8786	0.9810231	0.759163	0.240837	4.612184
3900	-6123.368	-6327.937	204.5692	1.051545	0.759163	0.240837	4.182762
3906	-6109.663	-6312.793	203.13	1.024444	0.702601	0.297399	5.005752
3912	-6116.803	-6321.997	205.1941	1.190794	0.720247	0.279753	3.745511
3918	-6129.192	-6334.248	205.0564	1.207815	0.68899	0.31101	3.815022
3924	-6120.544	-6325.979	205.4352	1.144264	0.727843	0.272157	3.63295
3930	-6134.173	-6339.126	204.9532	1.228061	0.727843	0.272157	3.862721
3936	-6130.533	-6334.912	204.3794	1.127413	0.804999	0.195001	4.247414
3942	-6119.922	-6323.674	203.7518	1.02535	0.755003	0.244997	4.658433
3948	-6121.951	-6325.948	203.9975	1.024255	0.705536	0.294464	4.521182
3954	-6116.215	-6321.814	205.5992	1.199749	0.705536	0.294464	3.505308
3960	-6123.873	-6329.922	206.0492	1.123855	0.786347	0.213653	3.285991
3966	-6123.379	-6329.389	206.0101	1.207016	0.763286	0.236714	3.259982
3972	-6128.123	-6334.157	206.0346	1.292733	0.687961	0.312039	3.19477
3978	-6140.035	-6346.497	206.4615	1.301645	0.785523	0.214477	2.934333
3984	-6132.111	-6337.802	205.6906	1.266978	0.790475	0.209525	3.412639
3990	-6133.086	-6337.858	204.7718	1.167396	0.729553	0.270447	4.001378
3996	-6140.515	-6344.048	203.5329	1.067213	0.762525	0.237475	4.757486
4002	-6137.504	-6341.085	203.5816	1.018528	0.766616	0.233384	4.757486
4008	-6130.771	-6333.589	202.8181	0.9789244	0.72309	0.27691	5.203879
4014	-6118.261	-6321.749	203.4885	1.042808	0.720029	0.279971	4.795898
4020	-6132.414	-6336.189	203.7757	0.944568	0.720029	0.279971	4.690285
4026	-6121.098	-6325.144	204.0455	0.9812487	0.756444	0.243556	4.518389
4032	-6119.81	-6324.683	204.8733	1.05859	0.745748	0.254252	4.005564
4038	-6123.815	-6328.743	204.9286	1.083891	0.725172	0.274828	3.959499
4044	-6136.755	-6342.049	205.2947	1.183053	0.698633	0.301367	3.691827
4050	-6123.217	-6327.907	204.6897	1.10504	0.776542	0.223458	4.083808
4056	-6120.239	-6324.271	204.0329	1.100834	0.714284	0.285716	4.458147
4062	-6125.136	-6328.903	203.7673	1.012436	0.745946	0.254054	4.656985
4068	-6116.974	-6320.741	203.7674	1.012366	0.745946	0.254054	4.656985
4074	-6130.365	-6335.498	205.1326	1.154223	0.704517	0.295483	3.802
4080	-6125.294	-6330.799	205.5049	1.231526	0.776073	0.223927	3.541741
4086	-6135.59	-6341.067	205.4777	1.27292	0.776073	0.223927	3.533493
4092	-6142.197	-6347.589	205.3916	1.153964	0.727376	0.272624	3.652587
4098	-6130.316	-6334.958	204.6425	1.153964	0.800599	0.199401	4.082804
4104	-6125.377	-6329.976	204.5983	1.09841	0.813687	0.186313	4.139632
4110	-6128.084	-6332.528	204.4434	1.125503	0.690534	0.309466	4.212231
4116	-6133.503	-6337.957	204.4546	1.114257	0.732726	0.267274	4.212231
4122	-6142.593	-6345.971	203.3773	1.011533	0.765188	0.234812	4.875329
4128	-6129.612	-6333.57	203.9577	1.033031	0.767999	0.232001	4.538598
4134	-6124.526	-6328.413	203.8871	1.076931	0.737675	0.262325	4.553597
4140	-6128.051	-6332.538	204.4863	1.033023	0.737675	0.262325	4.240307
4146	-6120.608	-6325.359	204.7501	1.097444	0.727298	0.272702	4.053693
4152	-6126.2	-6331.193	204.9928	1.076246	0.661859	0.338141	3.927118
4158	-6130.907	-6335.196	204.2896	1.077339	0.769357	0.230643	4.326581
4164	-6119.122	-6324.713	205.5901	1.24488	0.739167	0.260833	3.484304
4170	-6115.59	-6320.948	205.3582	1.141283	0.739167	0.260833	3.679287
4176	-6110.467	-6315.699	205.2324	1.210241	0.774869	0.225131	3.712153
4182	-6113.873	-6318.412	204.539	1.10358	0.774869	0.225131	4.170369
4188	-6126.236	-6331.137	204.9015	1.193415	0.835484	0.164516	3.912258
4194	-6120.161	-6324.762	204.6015	1.070115	0.810088	0.189912	4.153871
4200	-6121.544	-6327.09	205.5461	1.117458	0.836395	0.163605	3.584173
4206	-6114.515	-6320.095	205.5805	1.137469	0.737783	0.262217	3.552502
4212	-6120.959	-6325.909	204.9499	1.173402	0.700356	0.299644	3.895988
4218	-6144.549	-6348.176	203.627	1.227994	0.733945	0.266055	4.614792
4224	-6113.354	-6318.135	204.7812	1.152837	0.711206	0.288794	4.004318
4230	-6134.219	-6338.556	204.3373	1.108175	0.808401	0.191599	4.282131
4236	-6136.326	-6341.131	204.8043	1.028878	0.737103	0.262897	4.061886
4242	-6126.037	-6330.122	204.0847	1.040182	0.780168	0.219832	4.463155
4248	-6140.637	-6345.068	204.4317	1.119126	0.766824	0.233176	4.222451
4254	-6136.572	-6341.134	204.5628	1.113228	0.739244	0.260756	4.151361
4260	-6122.836	-6327.869	205.0332	1.053646	0.739244	0.260756	3.916921
4266	-6130.734	-6334.992	204.2583	1.080195	0.725397	0.274603	4.342674
4272	-6112.178	-6317.029	204.8502	1.126284	0.777283	0.222717	3.98006
4278	-6117.389	-6321.6	204.211	1.07769	0.731435	0.268565	4.370818
4284	-6122.155	-6326.421	204.2658	1.022881	0.74141	0.25859	4.370818
4290	-6122.297	-6327.075	204.778	1.130271	0.74141	0.25859	4.019043
4296	-6117.675	-6321.643	203.9686	1.114493	0.74141	0.25859	4.486685
4302	-6127.816	-6333.746	205.9305	1.274183	0.784674	0.215326	3.26732
4308	-6124.662	-6330.395	205.7329	1.232039	0.788256	0.211744	3.408287
4314	-6120.077	-6325.062	204.9854	1.202379	0.764559	0.235441	3.858998
4320	-6126.815	-6331.087	204.2721	1.203263	0.676934	0.323066	4.265222
4326	-6125.773	-6331.12	205.3469	1.192114	0.671186	0.328814	3.656395
4332	-6122.59	-6327.671	205.081	1.122983	0.739887	0.260113	3.849658
4338	-6119.544	-6324.606	205.0615	1.171289	0.81548	0.18452	3.833113
4344	-6132.78	-6337.229	204.4491	1.092326	0.699699	0.300301	4.227788
4350	-6127.336	-6331.441	204.1048	1.063657	0.761058	0.238942	4.438613
4356	-6114.781	-6319.272	204.4909	1.0554	0.713318	0.286682	4.225018
4362	-6116.723	-6321.563	204.8407	1.090154	0.752616	0.247384	4.006154
4368	-6124.018	-6329.219	205.2007	1.09214	0.693228	0.306772	3.798529
4374	-6125.927	-6330.612	204.6855	1.057237	0.719444	0.280556	4.113455
4380	-6121.935	-6326.511	204.5761	1.057237	0.757152	0.242848	4.175655
4386	-6128.885	-6332.346	203.4609	0.8963136	0.735603	0.264397	4.892955
4392	-6136.108	-6339.979	203.8719	1.081123	0.724343	0.275657	4.559805
4398	-6126.781	-6332.434	205.653	1.202892	0.809376	0.190624	3.472114
4404	-6117.764	-6322.433	204.6698	1.146371	0.743235	0.256765	4.071608
4410	-6125.619	-6330.102	204.4824	1.123806	0.787851	0.212149	4.191048
4416	-6134.15	-6337.299	203.1491	1.108227	0.787851	0.212149	4.948574
4422	-6132.789	-6335.695	202.906	0.9654776	0.808322	0.191678	5.162639
4428	-6167.377	-6370.258	202.8813	0.9756942	0.789348	0.210652	5.170656
4434	-6123.693	-6329.155	205.462	1.13916	0.723575	0.276425	3.620378
4440	-6138.364	-6343.735	205.3708	1.163613	0.719419	0.280581	3.659073
4446	-6137.105	-6342.282	205.1772	1.197262	0.767062	0.232938	3.751521
4452	-6134.414	-6339.738	205.3241	1.140166	0.696015	0.303985	3.699663
4458	-6133.741	-6339.082	205.3412	1.123879	0.723093	0.276907	3.69919
4464	-6121.317	-6327.916	206.5997	1.27054	0.769091	0.230909	2.869626
4470	-6134.559	-6338.143	203.5847	1.142429	0.766526	0.233474	4.686443
4476	-6118.124	-6321.306	203.1818	1.088676	0.689243	0.310757	4.941244
4482	-6119.891	-6324.505	204.614	1.040466	0.726504	0.273496	4.163607
4488	-6124.958	-6329.489	204.5307	1.123793	0.726504	0.273496	4.163607
4494	-6123.679	-6327.026	203.347	1.054962	0.764588	0.235412	4.868035
4500	-6125.708	-6330.353	204.6448	1.079532	0.764588	0.235412	4.123907
4506	-6131.424	-6335.894	204.47	1.064648	0.704043	0.295957	4.231665
4512	-6128.927	-6333.414	204.4873	1.040931	0.775431	0.224569	4.235263
4518	-6126.427	-6330.935	204.508	1.1436	0.75368	0.24632	4.165239
4524	-6113.839	-6319.215	205.376	1.121225	0.768411	0.231589	3.680566
4530	-6117.205	-6321.744	204.5393	1.058319	0.702738	0.297262	4.195892
4536	-6126.754	-6331.178	204.4242	1.173459	0.764403	0.235597	4.195892
4542	-6126.862	-6331.272	204.4096	1.157579	0.776909	0.223091	4.213206
4548	-6118.03	-6322.489	204.4586	1.108498	0.707495	0.292505	4.213206
4554	-6129.629	-6334.095	204.4658	1.101387	0.773175	0.226825	4.213206
4560	-6136.81	-6341.197	204.3868	1.095989	0.700492	0.299508	4.261051
4566	-6140.104	-6344.518	204.4135	1.069218	0.715165	0.284835	4.261051
4572	-6130.18	-6333.809	203.6287	1.001777	0.749013	0.250987	4.740481
4578	-6143.476	-6347.103	203.627	1.023457	0.73684	0.26316	4.729351
4584	-6137.945	-6341.674	203.7289	1.08287	0.748545	0.251455	4.639027
4590	-6142.094	-6346.082	203.9886	1.117165	0.760833	0.239167	4.473927
4596	-6133.917	-6338.329	204.4114	1.120955	0.771964	0.228036	4.23295
4602	-6150.365	-6354.914	204.549	1.10714	0.72792	0.27208	4.1627
4608	-6137.895	-6342.384	204.4897	1.106653	0.72792	0.27208	4.196633
4614	-6141.054	-6344.621	203.5672	0.9278179	0.753823	0.246177	4.816158
4620	-6145.037	-6348.061	203.0245	1.007704	0.758617	0.241383	5.073598
4626	-6133.168	-6336.849	203.681	1.053379	0.732386	0.267614	4.682363
4632	-6139.255	-6342.609	203.3544	0.9463903	0.742125	0.257875	4.924351
4638	-6134.222	-6338.529	204.3065	1.026958	0.733671	0.266329	4.345489
4644	-6126.884	-6330.649	203.765	1.000905	0.733671	0.266329	4.664724
4650	-6131.141	-6335.477	204.3358	1.060467	0.751275	0.248725	4.309978
4656	-6138.789	-6342.981	204.1915	1.132161	0.751275	0.248725	4.351062
4662	-6137.609	-6342.918	205.3093	1.155235	0.684509	0.315491	3.699502
4668	-6128.575	-6332.956	204.3812	1.105566	0.678551	0.321449	4.258779
4674	-6140.162	-6345.731	205.5686	1.138347	0.692384	0.307616	3.558948
4680	-6131.832	-6336.537	204.705	1.096129	0.758364	0.241636	4.080176
4686	-6122.78	-6327.762	204.9816	1.1122	0.764031	0.235969	3.912908
4692	-6112.585	-6316.306	203.721	1.07677	0.774524	0.225476	4.646886
4698	-6125.061	-6328.349	203.2885	1.119603	0.774524	0.225476	4.864592
4704	-6113.022	-6317.638	204.6163	1.152484	0.789279	0.210721	4.098584
4710	-6119.774	-6323.805	204.0302	1.059615	0.702369	0.297631	4.482896
4716	-6123.515	-6326.819	203.3039	0.9270348	0.702369	0.297631	4.963235
4722	-6132.651	-6337.124	204.4729	1.125405	0.740976	0.259024	4.195532
4728	-6131.714	-6336.8	205.0862	1.179459	0.738528	0.261472	3.814208
4734	-6131.724	-6336.11	204.3863	1.125397	0.74319	0.25681	4.244649
4740	-6131.85	-6336.386	204.5356	1.134925	0.74319	0.25681	4.154489
4746	-6135.955	-6341.109	205.1545	1.097301	0.782928	0.217072	3.822165
4752	-6128.46	-6332.398	203.9377	1.123095	0.737825	0.262175	4.499201
4758	-6132.566	-6337.343	204.7771	1.09614	0.737825	0.262175	4.039073
4764	-6140.619	-6344.624	204.0049	1.111626	0.741612	0.258388	4.467845
4770	-6139.7	-6343.151	203.4517	1.017457	0.738936	0.261064	4.830561
4776	-6136.721	-6340.782	204.0614	1.05259	0.729973	0.270027	4.469303
4782	-6131.161	-6336.029	204.8673	1.084182	0.729973	0.270027	3.994359
4788	-6136.173	-6339.522	203.349	0.9947609	0.727072	0.272928	4.900465
4794	-6139.362	-6343.492	204.1298	0.9561033	0.734629	0.265371	4.485111
4800	-6131.233	-6335.079	203.8454	1.039138	0.648793	0.351207	4.598216
4806	-6138.524	-6343.921	205.397	1.122045	0.765319	0.234681	3.667975
4812	-6135.513	-6339.904	204.3908	1.062982	0.765319	0.234681	4.277428
4818	-6131.031	-6335.761	204.7307	1.11542	0.706772	0.293228	4.054512
4824	-6124.575	-6329.801	205.2252	1.201396	0.746143	0.253857	3.721441
4830	-6133.647	-6337.046	203.3988	1.003482	0.737308	0.262692	4.867833
4836	-6122.691	-6326.107	203.416	0.9863556	0.768239	0.231761	4.867833
4842	-6130.802	-6334.133	203.3311	1.071211	0.710931	0.289069	4.867833
4848	-6121.948	-6326.059	204.1109	0.9544846	0.710931	0.289069	4.496626
4854	-6121.44	-6325.628	204.1882	1.041822	0.738812	0.261188	4.403877
4860	-6122.963	-6328.946	205.9825	1.180807	0.73065	0.26935	3.291713
4866	-6121.107	-6326.82	205.7132	1.203654	0.731898	0.268102	3.43647
4872	-6110.295	-6314.401	204.1062	1.127864	0.75545	0.24455	4.40162
4878	-6118.295	-6323.718	205.423	1.132339	0.774352	0.225648	3.646913
4884	-6119.834	-6325.916	206.0823	1.23323	0.774352	0.225648	3.201765
4890	-6123.495	-6329.102	205.6069	1.234454	0.683464	0.316536	3.480582
4896	-6121.146	-6326.84	205.6944	1.166966	0.736816	0.263184	3.468921
4902	-6124.092	-6328.412	204.3201	1.162287	0.729925	0.270075	4.261266
4908	-6122.989	-6327.563	204.5734	1.134207	0.793827	0.206173	4.13339
4914	-6142.176	-6346.816	204.6402	1.104167	0.747248	0.252752	4.112485
4920	-6127.995	-6333.177	205.1818	1.096425	0.747248	0.252752	3.806963
4926	-6142.773	-6348.547	205.7747	1.122407	0.731076	0.268924	3.448025
4932	-6136.225	-6341.561	205.336	1.227838	0.787752	0.212248	3.642008
4938	-6132.242	-6337.749	205.507	1.143514	0.770464	0.229536	3.591704
4944	-6142.669	-6348.126	205.457	1.121872	0.808961	0.191039	3.633273
4950	-6126.287	-6331.241	204.9542	1.044139	0.722834	0.277166	3.967573
4956	-6129.521	-6332.848	203.3263	1.17	0.699299	0.300701	4.815439
4962	-6127.44	-6330.95	203.5097	1.063852	0.75671	0.24329	4.772326
4968	-6122.279	-6325.825	203.5467	0.9741535	0.758112	0.241888	4.80173
4974	-6121.606	-6325.594	203.9879	1.111792	0.777004	0.222996	4.477362
4980	-6134.43	-6336.761	202.3307	0.9822594	0.716799	0.283201	5.470932
4986	-6129.66	-6332.35	202.6897	0.9739144	0.716799	0.283201	5.277597
4992	-6119.189	-6323.312	204.1229	1.033552	0.800331	0.199669	4.445371
4998	-6133.13	-6336.553	203.4233	1.097392	0.755484	0.244516	4.801805
5004	-6137.213	-6340.534	203.321	1.072787	0.794934	0.205066	4.872564
5010	-6126.896	-6330.401	203.5049	0.8995622	0.794934	0.205066	4.866618
5016	-6126.723	-6330.994	204.2708	1.006947	0.794934	0.205066	4.376955
5022	-6118.064	-6322.352	204.2881	1.103424	0.766211	0.233789	4.312669
5028	-6123.378	-6328.224	204.846	1.126277	0.766211	0.233789	3.982507
5034	-6117.207	-6321.24	204.0325	1.120549	0.722971	0.277029	4.447305
5040	-6136.936	-6341.407	204.4712	0.9968391	0.748886	0.251114	4.269367
5046	-6128.359	-6333.657	205.2976	1.117533	0.748886	0.251114	3.728057
5052	-6116.123	-6320.316	204.1926	1.087904	0.73729	0.26271	4.375421
5058	-6116.783	-6320.545	203.7616	1.019725	0.73729	0.26271	4.656102
5064	-6118.425	-6322.444	204.0192	1.061841	0.73729	0.26271	4.487817
5070	-6115.992	-6319.933	203.9413	0.9926383	0.728006	0.271994	4.570531
5076	-6123.283	-6327.463	204.1808	1.130176	0.728006	0.271994	4.358216
5082	-6127.499	-6330.928	203.4284	0.9222442	0.709831	0.290169	4.896615
5088	-6122.74	-6327.279	204.5391	1.155078	0.775105	0.224895	4.141061
5094	-6128.389	-6332.288	203.9	0.9873897	0.694396	0.305604	4.596658
5100	-6116.133	-6319.293	203.1603	1.032295	0.76815	0.23185	4.984526
5106	-6128.803	-6332.293	203.4898	1.003079	0.76815	0.23185	4.817325
5112	-6125.797	-6328.938	203.1412	0.9499566	0.744554	0.255446	5.040866
5118	-6131.751	-6335.705	203.954	1.003359	0.705187	0.294813	4.557379
5124	-6115.258	-6317.711	202.4535	0.9196834	0.723894	0.276106	5.437776
5130	-6117.992	-6321.855	203.8632	1.06401	0.718192	0.281808	4.574305
5136	-6126.058	-6328.576	202.5175	0.9487946	0.718192	0.281808	5.386461
5142	-6126.498	-6330.201	203.7033	1.005853	0.794866	0.205134	4.696514
5148	-6113.47	-6317.673	204.203	0.9982697	0.77268	0.22732	4.42014
5154	-6117.673	-6321.433	203.7593	1.029674	0.77268	0.22732	4.651804
5160	-6124.048	-6326.878	202.8292	1.025058	0.792939	0.207061	5.172206
5166	-6146.852	-6350.274	203.4215	1.02803	0.714761	0.285239	4.841498
5172	-6135.775	-6339.835	204.0595	1.110893	0.749827	0.250173	4.437514
5178	-6145.933	-6349.915	203.9823	0.9877621	0.739446	0.260554	4.550206
5184	-6127.753	-6331.611	203.8583	1.052975	0.739446	0.260554	4.583212
5190	-6122.173	-6325.819	203.6459	1.003953	0.706115	0.293885	4.729693
5196	-6127.469	-6330.795	203.3258	0.9990462	0.706115	0.293885	4.911005
5202	-6147.784	-6349.495	201.7105	0.9406244	0.706115	0.293885	5.833965
5208	-6134.493	-6338.035	203.5423	0.9190648	0.802729	0.197271	4.834929
5214	-6129.051	-6332.539	203.4878	1.032582	0.78475	0.21525	4.801998
5220	-6124.889	-6328.175	203.2861	1.017728	0.724664	0.275336	4.922665
5226	-6134.514	-6338.957	204.4431	1.11155	0.785059	0.214941	4.220287
5232	-6118.655	-6322.689	204.0343	1.14221	0.714978	0.285022	4.434094
5238	-6114.335	-6318.662	204.3269	1.073838	0.738472	0.261528	4.307459
5244	-6113.787	-6318.065	204.2783	1.122469	0.780391	0.219609	4.307459
5250	-6115.876	-6320.553	204.6767	1.131632	0.755449	0.244551	4.076053
5256	-6132.256	-6337.186	204.9299	1.093825	0.699939	0.300061	3.953052
5262	-6131.008	-6335.145	204.1371	1.107798	0.757184	0.242816	4.395519
5268	-6133.78	-6337.773	203.9932	1.060344	0.711543	0.288457	4.503326
5274	-6116.122	-6320.789	204.6677	1.17151	0.792294	0.207706	4.058446
5280	-6123.287	-6327.356	204.0682	1.048352	0.742348	0.257652	4.46782
5286	-6130.424	-6334.837	204.4128	1.08574	0.768341	0.231659	4.252132
5292	-6127.492	-6330.987	203.4954	0.9881011	0.768341	0.231659	4.82256
5298	-6133.836	-6337.284	203.4471	1.018581	0.772199	0.227801	4.832489
5304	-6135.034	-6338.253	203.2192	1.024681	0.769524	0.230476	4.956008
5310	-6126.094	-6329.091	202.9968	0.9972542	0.761443	0.238557	5.094724
5316	-6130.697	-6334.567	203.8704	1.034532	0.700345	0.299655	4.58677
5322	-6125.527	-6330.42	204.8925	1.140858	0.708578	0.291422	3.947526
5328	-6131.777	-6336.032	204.2554	1.063279	0.749045	0.250955	4.35386
5334	-6135.563	-6340.57	205.0072	1.069659	0.758368	0.241632	3.922591
5340	-6138.647	-6343.56	204.9134	1.175102	0.758368	0.241632	3.915965
5346	-6140.268	-6344.085	203.8169	1.093787	0.818012	0.181988	4.583577
5352	-6128.623	-6332.93	204.3078	1.063119	0.825633	0.174367	4.324353
5358	-6126.153	-6329.281	203.1283	1.063119	0.783834	0.216166	4.985202
5364	-6121.489	-6324.842	203.3531	1.034939	0.783834	0.216166	4.875799
5370	-6125.211	-6329.714	204.5028	1.100988	0.783834	0.216166	4.192402
5376	-6119.236	-6323.952	204.7161	1.064766	0.75413	0.24587	4.091736
5382	-6123.87	-6328.371	204.5016	0.9794655	0.75818	0.24182	4.26199
5388	-6123.363	-6327.018	203.6544	0.9951203	0.735867	0.264133	4.729871
5394	-6133.311	-6337.601	204.29	1.209072	0.706892	0.293108	4.251795
5400	-6121.594	-6326.682	205.0879	1.107854	0.757648	0.242352	3.854402
5406	-6120.251	-6323.592	203.3409	0.9508146	0.716744	0.283256	4.929432
5412	-6119.015	-6322.149	203.1343	0.9383457	0.796381	0.203619	5.051153
5418	-6133.242	-6336.329	203.0869	0.9857663	0.731489	0.268511	5.051153
5424	-6127.284	-6330.632	203.3481	0.9581779	0.741122	0.258878	4.921319
5430	-6131.823	-6335.011	203.1883	0.9554871	0.784221	0.215779	5.011666
5436	-6129.076	-6332.806	203.7303	0.9854008	0.766539	0.233461	4.69282
5442	-6127.621	-6332.511	204.8903	1.086302	0.70951	0.29049	3.979984
5448	-6127.983	-6332.363	204.3793	1.066989	0.70951	0.29049	4.281671
5454	-6124.441	-6328.796	204.3544	1.091909	0.755523	0.244477	4.281671
5460	-6122.471	-6325.334	202.8627	0.9701178	0.714309	0.285691	5.184048
5466	-6117.665	-6321.254	203.5884	0.9781973	0.723409	0.276591	4.776162
5472	-6132.277	-6335.373	203.0954	0.9528852	0.778826	0.221174	5.064663
5478	-6138.12	-6340.88	202.7604	0.9614875	0.735797	0.264203	5.245421
5484	-6126.933	-6330.557	203.6236	1.028514	0.713536	0.286464	4.728422
5490	-6127.116	-6329.822	202.7063	1.031942	0.713536	0.286464	5.236356
5496	-6127.244	-6329.699	202.4556	0.9408262	0.753955	0.246045	5.424963
5502	-6131.1	-6334.895	203.795	1.003037	0.753955	0.246045	4.646711
5508	-6137.919	-6341.659	203.7405	0.9455983	0.715266	0.284734	4.709403
5514	-6141.12	-6345.009	203.8887	1.060291	0.719651	0.280349	4.562039
5520	-6148.628	-6352.364	203.7361	1.046416	0.814018	0.185982	4.655407
5526	-6139.841	-6344.038	204.1968	1.024298	0.693883	0.306117	4.408925
5532	-6130.507	-6334.589	204.0823	1.065329	0.720428	0.279572	4.450361
5538	-6124.889	-6328.981	204.0925	1.055105	0.806403	0.193597	4.450361
5544	-6120.304	-6324.795	204.4909	1.165156	0.667002	0.332998	4.162745
5550	-6135.425	-6340.765	205.3397	1.246644	0.693342	0.306658	3.628953
5556	-6137.437	-6342.372	204.935	1.219748	0.728533	0.271467	3.877971
5562	-6133.474	-6339.179	205.7051	1.338151	0.728533	0.271467	3.362364
5568	-6130.621	-6335.523	204.9025	1.183754	0.752506	0.247494	3.917258
5574	-6128.664	-6333.605	204.9405	1.145707	0.752506	0.247494	3.917258
5580	-6131.002	-6336.685	205.683	1.178871	0.752506	0.247494	3.468616
5586	-6126.01	-6329.623	203.6123	1.021486	0.658253	0.341747	4.738623
5592	-6124.825	-6328.9	204.0751	0.9756383	0.815174	0.184826	4.504872
5598	-6134.433	-6337.359	202.9263	0.9756383	0.691922	0.308078	5.145811
5604	-6123.161	-6326.888	203.7269	1.050658	0.727579	0.272421	4.65823
5610	-6135.687	-6339.453	203.7656	1.011916	0.708177	0.291823	4.65823
5616	-6131.776	-6334.744	202.968	1.040358	0.746203	0.253797	5.086808
5622	-6127.769	-6332.186	204.4169	1.032174	0.781139	0.218861	4.280105
5628	-6139.855	-6345.225	205.3694	1.224293	0.743239	0.256761	3.624694
5634	-6137.16	-6341.952	204.7917	1.072385	0.782923	0.217077	4.044277
5640	-6144.011	-6347.774	203.7639	1.024441	0.776549	0.223451	4.65216
5646	-6121.716	-6326.137	204.4203	1.106326	0.728788	0.271212	4.236178
5652	-6129.006	-6331.637	202.6314	1.004339	0.740514	0.259486	5.293011
5658	-6138.016	-6341.743	203.727	1.004269	0.729791	0.270209	4.68412
5664	-6137.458	-6342.048	204.5895	1.163714	0.744317	0.255683	4.107436
5670	-6129.928	-6334.649	204.7201	1.033137	0.678933	0.321067	4.107436
5676	-6135.074	-6339.729	204.6551	1.18211	0.774606	0.225394	4.059631
5682	-6135.05	-6339.746	204.696	1.086106	0.741487	0.258513	4.091034
5688	-6117.649	-6323.025	205.3761	1.240268	0.731789	0.268211	3.611548
5694	-6119.472	-6325.355	205.8822	1.299755	0.747608	0.252392	3.280748
5700	-6129.538	-6333.024	203.4861	1.054305	0.79931	0.20069	4.790841
5706	-6132.573	-6336.29	203.7176	1.037957	0.79931	0.20069	4.670506
5712	-6123.676	-6328.865	205.1893	1.065446	0.757147	0.242853	3.820508
5718	-6139.082	-6343.657	204.5754	1.058807	0.722887	0.277113	4.175132
5724	-6135.536	-6340.418	204.8825	1.186226	0.736716	0.263284	3.927284
5730	-6137.223	-6341.67	204.447	1.144899	0.736716	0.263284	4.199173
5736	-6132.704	-6336.934	204.2299	1.05547	0.736716	0.263284	4.372682
5742	-6130.879	-6335.577	204.6981	1.029253	0.762313	0.237687	4.122191
5748	-6128.512	-6333.135	204.6229	1.104424	0.813253	0.186747	4.122191
5754	-6132.434	-6336.52	204.0855	0.9571165	0.796696	0.203304	4.509457
5760	-6126.293	-6330.389	204.0962	1.044787	0.819931	0.180069	4.454078
5766	-6130.644	-6334.475	203.8307	1.05479	0.730822	0.269178	4.597683
5772	-6131.191	-6335.16	203.9689	1.038857	0.759995	0.240005	4.529036
5778	-6133.948	-6337.517	203.5696	1.138054	0.761058	0.238942	4.697349
5784	-6124.119	-6328.486	204.3672	1.11761	0.761058	0.238942	4.25991
5790	-6121.572	-6326.456	204.8846	1.193051	0.788399	0.211601	3.922182
5796	-6125.177	-6329.223	204.0464	1.058001	0.731337	0.268663	4.474682
5802	-6123.529	-6327.921	204.3921	1.04245	0.740663	0.259337	4.288355
5808	-6117.17	-6321.576	204.4063	1.206364	0.750448	0.249552	4.187389
5814	-6116.919	-6322.006	205.0868	1.181684	0.750448	0.249552	3.812566
5820	-6125.42	-6329.859	204.4392	1.135425	0.72117	0.27883	4.208942
5826	-6136.239	-6341.282	205.0425	1.200788	0.670102	0.329898	3.827075
5832	-6115.806	-6320.73	204.9239	1.107935	0.726874	0.273126	3.948422
5838	-6117.892	-6322.816	204.9239	1.107935	0.714518	0.285482	3.948422
5844	-6131.361	-6334.287	202.9261	0.9342548	0.714518	0.285482	5.168819
5850	-6120.958	-6323.767	202.8094	0.8970709	0.745162	0.254838	5.253892
5856	-6128.25	-6332.578	204.3277	1.053821	0.795854	0.204146	4.318356
5862	-6125.976	-6330.583	204.6067	1.084009	0.801891	0.198109	4.143001
5868	-6116.118	-6320.726	204.6088	1.168285	0.774727	0.225273	4.093855
5874	-6119.17	-6323.872	204.7025	1.074631	0.704713	0.295287	4.093855
5880	-6106.927	-6311.366	204.4386	1.09049	0.705464	0.294536	4.234765
5886	-6125.112	-6329.553	204.4413	1.087845	0.734341	0.265659	4.234765
5892	-6115.144	-6319.628	204.4846	1.047864	0.734341	0.265659	4.232884
5898	-6127.119	-6331.6	204.4818	1.099964	0.748372	0.251628	4.204939
5904	-6127.613	-6333.138	205.5247	1.235608	0.733858	0.266142	3.527852
5910	-6123.307	-6328.575	205.2674	1.147849	0.735608	0.264392	3.72797
5916	-6133.996	-6337.544	203.5476	1.078188	0.722665	0.277335	4.743141
5922	-6126.652	-6330.273	203.6213	0.9721865	0.699031	0.300969	4.761185
5928	-6133.521	-6336.965	203.4441	0.9828879	0.699031	0.300969	4.854086
5934	-6127.643	-6332.056	204.4133	1.050555	0.785327	0.214673	4.271735
5940	-6121.655	-6326.053	204.3978	1.066083	0.735924	0.264076	4.271735
5946	-6127.843	-6332.614	204.7711	1.142309	0.735924	0.264076	4.016092
5952	-6139.473	-6345.213	205.7398	1.087046	0.761078	0.238922	3.489053
5958	-6129.25	-6333.863	204.6134	1.013834	0.759237	0.240763	4.179082
5964	-6132.728	-6337.895	205.1664	1.161296	0.746677	0.253323	3.778484
5970	-6134.199	-6339.355	205.1563	1.24044	0.703618	0.296382	3.73867
5976	-6123.917	-6328.874	204.9567	1.082499	0.783416	0.216584	3.944189
5982	-6126.609	-6330.802	204.1923	1.018107	0.740745	0.259255	4.414987
5988	-6129.156	-6333.368	204.2124	1.046534	0.746184	0.253816	4.387602
5994	-6140.419	-6344.621	204.2016	1.110441	0.688559	0.311441	4.357633
6000	-6145.523	-6349.101	203.5782	1.094574	0.740568	0.259432	4.716829
6006	-6128.401	-6332.055	203.654	1.018833	0.740568	0.259432	4.716829
6012	-6122.821	-6326.692	203.8713	1.018833	0.747972	0.252028	4.595095
6018	-6123.363	-6326.684	203.321	1.043329	0.692768	0.307232	4.888971
6024	-6138.035	-6340.734	202.6991	0.9154049	0.792096	0.207904	5.304695
6030	-6125.356	-6327.915	202.5584	0.9589638	0.685831	0.314169	5.35831
6036	-6127.039	-6330.339	203.2993	1.000516	0.696761	0.303239	4.92489
6042	-6126.6	-6330.038	203.4378	1.002198	0.77123	0.22877	4.846846
6048	-6124.921	-6328.231	203.3099	0.9847417	0.711026	0.288974	4.927798
6054	-6120.147	-6323.4	203.2533	1.041329	0.711026	0.288974	4.927798
6060	-6130.371	-6334.645	204.2745	1.115259	0.711026	0.288974	4.313688
6066	-6129.343	-6334.195	204.8523	1.106841	0.755519	0.244481	3.989983
6072	-6121.392	-6325.536	204.1437	1.106841	0.732511	0.267489	4.392298
6078	-6122.427	-6326.595	204.1678	0.9924924	0.732511	0.267489	4.443213
6084	-6134.984	-6338.279	203.295	0.9957065	0.736143	0.263857	4.929985
6090	-6134.634	-6338.018	203.3842	0.9698819	0.764867	0.235133	4.894704
6096	-6132.673	-6337.211	204.5373	1.037939	0.764867	0.235133	4.208612
6102	-6123.298	-6326.608	203.3103	0.8851116	0.789132	0.210868	4.982968
6108	-6133.159	-6336.772	203.6132	1.061912	0.789132	0.210868	4.715539
6114	-6129.534	-6333.793	204.2594	0.9875577	0.724712	0.275288	4.394369
6120	-6138.827	-6343.683	204.8558	1.191966	0.758054	0.241946	3.939286
6126	-6144.077	-6348.316	204.2387	1.116292	0.741158	0.258842	4.333326
6132	-6138.801	-6343.05	204.2482	0.988877	0.74692	0.25308	4.399946
6138	-6138.223	-6342.188	203.9658	1.034886	0.777326	0.222674	4.533035
6144	-6137.165	-6340.036	202.8708	0.9804656	0.723537	0.276463	5.173845
6150	-6129.854	-6333.05	203.1968	1.002394	0.757031	0.242969	4.980888
6156	-6142.826	-6346.225	203.3992	0.9506625	0.773079	0.226921	4.897077
6162	-6126.023	-6329.353	203.3294	1.020465	0.773819	0.226181	4.897077
6168	-6124.45	-6328.905	204.4546	1.08389	0.700697	0.299303	4.229459
6174	-6125.455	-6330.228	204.7737	1.08756	0.725922	0.274078	4.045875
6180	-6129.701	-6332.916	203.2144	1.012105	0.70656	0.29344	4.965681
6186	-6124.24	-6327.505	203.2652	0.9612823	0.748521	0.251479	4.965681
6192	-6120.899	-6325.235	204.3358	1.050623	0.706878	0.293122	4.315584
6198	-6123.746	-6328.568	204.822	1.107554	0.789029	0.210971	4.00687
6204	-6118.468	-6322.275	203.8067	1.061034	0.744583	0.255417	4.607639
6210	-6132.386	-6335.799	203.4125	1.015792	0.698971	0.301029	4.853345
6216	-6142.606	-6345.903	203.2974	0.9948141	0.78829	0.21171	4.929156
6222	-6124.71	-6329.331	204.6214	1.132207	0.695027	0.304973	4.107226
6228	-6123.007	-6327.253	204.2458	1.14197	0.746451	0.253549	4.314804
6234	-6119.859	-6323.418	203.5584	1.006609	0.759309	0.240691	4.77706
6240	-6117.565	-6321.855	204.2903	1.071174	0.85301	0.14699	4.329691
6246	-6119.194	-6324.981	205.787	1.1936	0.673251	0.326749	3.399121
6252	-6140.388	-6343.648	203.2604	1.058855	0.807899	0.192101	4.914085
6258	-6142.611	-6346.942	204.3314	1.031468	0.678102	0.321898	4.32888
6264	-6112.937	-6317.304	204.3666	1.086312	0.707224	0.292776	4.277935
6270	-6138.041	-6343.662	205.6216	1.145358	0.723564	0.276436	3.523999
6276	-6132.123	-6336.799	204.6754	1.076098	0.740767	0.259233	4.108427
6282	-6119.885	-6324.479	204.5942	1.056694	0.740767	0.259233	4.165633
6288	-6122.861	-6326.816	203.9551	0.997333	0.709024	0.290976	4.560143
6294	-6119.669	-6322.772	203.1032	1.009893	0.731646	0.268354	5.028723
6300	-6116.925	-6320.883	203.9584	0.9803939	0.745901	0.254099	4.56779
6306	-6128.014	-6330.903	202.8889	0.9531363	0.745901	0.254099	5.178931
6312	-6123.241	-6326.652	203.4101	0.9012635	0.728728	0.271272	4.918469
6318	-6122.174	-6324.923	202.7485	0.94378	0.757665	0.242335	5.261783
6324	-6124.704	-6328.981	204.2764	1.071519	0.776157	0.223843	4.337331
6330	-6122.858	-6328.178	205.32	1.075357	0.786907	0.213093	3.739433
6336	-6124.97	-6328.858	203.8879	1.093676	0.774883	0.225117	4.543733
6342	-6119.494	-6323.995	204.5002	1.033548	0.702027	0.297973	4.232126
6348	-6122.883	-6327.687	204.804	1.114549	0.702027	0.297973	4.013201
6354	-6127.587	-6332.398	204.8113	1.107206	0.717828	0.282172	4.013201
6360	-6120.709	-6324.946	204.2366	1.089774	0.706842	0.293158	4.349499
6366	-6118.994	-6322.357	203.3638	1.05309	0.727661	0.272339	4.859714
6372	-6118.313	-6323.151	204.8386	1.066368	0.727661	0.272339	4.020951
6378	-6129.95	-6333.964	204.014	1.062575	0.784404	0.215596	4.490336
6384	-6129.657	-6333.086	203.4289	0.9736641	0.785927	0.214073	4.86767
6390	-6116.635	-6321.261	204.6256	1.042621	0.785927	0.214073	4.155821
6396	-6116.681	-6321.626	204.9455	1.124351	0.782169	0.217831	3.926633
6402	-6137.403	-6341.412	204.0083	1.084295	0.795507	0.204493	4.481354
6408	-6148.086	-6351.756	203.67	1.037605	0.785843	0.214157	4.697378
6414	-6132.573	-6335.897	203.3241	1.044703	0.693593	0.306407	4.886479
6420	-6111.786	-6314.477	202.6916	1.008934	0.733976	0.266024	5.257189
6426	-6127.452	-6330.281	202.8284	1.056467	0.737286	0.262714	5.155254
6432	-6133.631	-6338.225	204.5937	1.001515	0.796035	0.203965	4.19728
6438	-6126.755	-6331.682	204.9267	1.0377	0.807065	0.192935	3.987011
6444	-6136.695	-6339.987	203.2928	1.008206	0.712801	0.287199	4.924244
6450	-6119.238	-6322.714	203.476	1.029541	0.733592	0.266408	4.810262
6456	-6111.96	-6316.162	204.2024	1.10385	0.697415	0.302585	4.360851
6462	-6110.568	-6315.545	204.9765	1.06537	0.797524	0.202476	3.942668
6468	-6123.2	-6327.146	203.9469	1.024916	0.710359	0.289641	4.549221
6474	-6131.512	-6335.172	203.6599	0.9974747	0.698411	0.301589	4.725438
6480	-6119.918	-6323.675	203.7566	1.024525	0.746374	0.253626	4.656217
6486	-6122.744	-6327.516	204.7721	1.040736	0.786091	0.213909	4.073492
6492	-6128.873	-6332.505	203.632	1.027845	0.75981	0.24019	4.724088
6498	-6141.012	-6346.163	205.1515	1.146607	0.819408	0.180592	3.795544
6504	-6137.098	-6341.837	204.7392	1.140596	0.678795	0.321205	4.035326
6510	-6130.033	-6336.002	205.9692	1.328808	0.725982	0.274018	3.212153
6516	-6129.437	-6335.888	206.4516	1.381022	0.780182	0.219818	2.892413
6522	-6128.908	-6335.03	206.1218	1.279559	0.711678	0.288322	3.150806
6528	-6128.93	-6335.316	206.3866	1.301582	0.812424	0.187576	2.979431
6534	-6119.831	-6325.743	205.9114	1.299663	0.812424	0.187576	3.263569
6540	-6118.611	-6325.059	206.4477	1.270366	0.774812	0.225188	2.961492
6546	-6111.43	-6317.745	206.3154	1.341673	0.774812	0.225188	2.998153
6552	-6116.861	-6323.063	206.2019	1.254164	0.733086	0.266914	3.118259
6558	-6117.315	-6323.315	206.0003	1.294244	0.717017	0.282983	3.214154
6564	-6109.961	-6313.946	203.9848	1.11167	0.78304	0.21696	4.479168
6570	-6113.557	-6317.597	204.0401	1.133969	0.725888	0.274112	4.435422
6576	-6128.832	-6333.594	204.7618	1.139338	0.760894	0.239106	4.023152
6582	-6113.844	-6318.138	204.2936	1.085033	0.763369	0.236631	4.319984
6588	-6118.24	-6321.682	203.4423	1.090223	0.70123	0.29877	4.795216
6594	-6132.018	-6335.786	203.7679	1.045285	0.705276	0.294724	4.638263
6600	-6127.994	-6331.772	203.7787	1.034463	0.750082	0.249918	4.638263
6606	-6133.056	-6336.774	203.7183	1.094822	0.733558	0.266442	4.638263
6612	-6141.512	-6346.224	204.7127	1.141244	0.754866	0.245134	4.050046
6618	-6132.245	-6335.934	203.6894	1.025223	0.798339	0.201661	4.693442
6624	-6138.206	-6341.941	203.7351	0.9794739	0.747437	0.252563	4.693442
6630	-6137.079	-6341.272	204.1931	1.065519	0.717466	0.282534	4.387792
6636	-6132.895	-6337.57	204.6745	1.023769	0.716365	0.283635	4.138726
6642	-6131.086	-6337.208	206.1222	1.233212	0.718015	0.281985	3.178111
6648	-6130.662	-6335.25	204.5877	1.096017	0.719151	0.280849	4.146978
6654	-6125.992	-6329.275	203.283	1.118177	0.721914	0.278086	4.868452
6660	-6123.502	-6328.126	204.6241	1.162075	0.765804	0.234196	4.088705
6666	-6127.993	-6332.263	204.2702	1.082743	0.76278	0.23722	4.334492
6672	-6116.569	-6321.036	204.4671	1.027525	0.774108	0.225892	4.254339
6678	-6129.814	-6333.049	203.2342	0.9977423	0.776638	0.223362	4.962641
6684	-6129.76	-6333.374	203.6138	0.974897	0.776638	0.223362	4.763845
6690	-6126.552	-6329.893	203.3405	1.03058	0.776638	0.223362	4.885252
6696	-6122.103	-6326.083	203.9802	0.9238118	0.738969	0.261031	4.587334
6702	-6130.047	-6333.873	203.8254	1.043254	0.727395	0.272605	4.607132
6708	-6114.646	-6317.987	203.341	0.9903379	0.758498	0.241502	4.907349
6714	-6131.232	-6333.786	202.5545	0.9335897	0.747521	0.252479	5.374462
6720	-6123.553	-6327.613	204.0595	1.05425	0.753665	0.246335	4.469431
6726	-6118.855	-6322.341	203.486	1.037111	0.717999	0.282001	4.800488
6732	-6115.33	-6318.75	203.4203	0.9879208	0.729061	0.270939	4.864537
6738	-6125.564	-6329.539	203.9747	1.014505	0.770426	0.229574	4.539485
6744	-6132.471	-6336.468	203.9966	0.9925505	0.78386	0.21614	4.539485
6750	-6138.097	-6342.123	204.026	1.035395	0.74655	0.25345	4.49891
6756	-6128.2	-6332.243	204.043	1.018306	0.744155	0.255845	4.49891
6762	-6120.646	-6325.179	204.5328	1.070813	0.677462	0.322538	4.192487
6768	-6119.546	-6323.538	203.9921	1.057197	0.746993	0.253007	4.505681
6774	-6131.653	-6335.656	204.0031	0.9782658	0.738075	0.261925	4.543846
6780	-6128.565	-6332.589	204.0243	0.9886212	0.767717	0.232283	4.526159
6786	-6125.602	-6330.247	204.6457	1.076764	0.788983	0.211017	4.124968
6792	-6124.594	-6329.565	204.9705	1.188668	0.788983	0.211017	3.875422
6798	-6126.525	-6332.012	205.4874	1.15467	0.772479	0.227521	3.596637
6804	-6128.131	-6333.504	205.3731	1.128509	0.710032	0.289968	3.678043
6810	-6116.605	-6321.492	204.8865	1.168748	0.740413	0.259587	3.934971
6816	-6117.075	-6321.756	204.6812	1.032221	0.81502	0.18498	4.130089
6822	-6121.124	-6324.796	203.6721	1.100372	0.69624	0.30376	4.661062
6828	-6113.911	-6318.355	204.4433	1.036723	0.764621	0.235379	4.262596
6834	-6118.305	-6322.978	204.6728	1.130214	0.751617	0.248383	4.0791
6840	-6134.786	-6338.799	204.013	1.018015	0.751617	0.248383	4.51598
6846	-6132.323	-6336.23	203.9077	1.015892	0.751617	0.248383	4.576316
6852	-6120.16	-6324.672	204.5116	1.131309	0.750414	0.249586	4.170168
6858	-6120.841	-6323.692	202.8511	0.9200089	0.750414	0.249586	5.218181
6864	-6125.874	-6329.743	203.8698	1.069335	0.736488	0.263512	4.567618
6870	-6132.126	-6335.936	203.8105	1.033543	0.731284	0.268716	4.620959
6876	-6129.124	-6332.645	203.5209	0.986865	0.775639	0.224361	4.809021
6882	-6128.813	-6332.978	204.1647	1.098238	0.770079	0.229921	4.385314
6888	-6126.152	-6331.053	204.9003	1.106695	0.770079	0.229921	3.962631
6894	-6121.55	-6326.473	204.9232	1.186519	0.755446	0.244554	3.903793
6900	-6122.578	-6327.334	204.7556	1.149618	0.703541	0.296459	4.020812
6906	-6130.166	-6333.24	203.0744	0.9606461	0.718205	0.281795	5.072025
6912	-6133.351	-6337.865	204.5141	1.098758	0.717641	0.282359	4.187272
6918	-6141.748	-6346.208	204.4591	1.153776	0.797316	0.202684	4.187272
6924	-6143.114	-6347.319	204.205	1.052536	0.740216	0.259784	4.388392
6930	-6125.27	-6329.444	204.1743	1.083174	0.740216	0.259784	4.388392
6936	-6121.796	-6325.65	203.8539	1.066617	0.757207	0.242793	4.578052
6942	-6123.367	-6327.827	204.4594	1.101702	0.739649	0.260351	4.21666
6948	-6124.522	-6329.06	204.5375	1.139679	0.739649	0.260351	4.150694
6954	-6126.447	-6329.034	202.5873	0.9350599	0.771077	0.228923	5.35553
6960	-6116.316	-6319.741	203.4248	1.064943	0.792228	0.207772	4.819096
6966	-6118.109	-6322.006	203.8968	1.098476	0.725293	0.274707	4.536038
6972	-6123.902	-6328.878	204.9765	1.082556	0.725293	0.274707	3.932837
6978	-6120.353	-6325.259	204.906	1.105259	0.787895	0.212105	3.960156
6984	-6122.579	-6327.646	205.0663	1.119449	0.713781	0.286219	3.860171
6990	-6131.609	-6337.449	205.8407	1.231249	0.713781	0.286219	3.345495
6996	-6138.305	-6343.282	204.977	1.242176	0.82008	0.17992	3.840954
7002	-6148.737	-6352.662	203.9242	1.112492	0.802741	0.197259	4.51275
7008	-6151.296	-6355.603	204.3071	1.13946	0.788847	0.211153	4.281557
7014	-6139.331	-6343.081	203.75	1.000628	0.792296	0.207704	4.673295
7020	-6134.529	-6338.557	204.0278	1.02376	0.74618	0.25382	4.504394
7026	-6140.345	-6345.048	204.7035	1.10235	0.646241	0.353759	4.077497
7032	-6144.276	-6348.932	204.6563	1.093673	0.734935	0.265065	4.109327
7038	-6131.041	-6334.763	203.7224	1.03227	0.757807	0.242193	4.671028
7044	-6121.744	-6325.687	203.9433	1.041022	0.660327	0.339673	4.542222
7050	-6133.222	-6337.588	204.3656	1.084473	0.771808	0.228192	4.279538
7056	-6135.779	-6338.863	203.0839	1.093064	0.811012	0.188988	4.993245
7062	-6140.318	-6341.306	200.9872	0.9388507	0.752498	0.247502	6.229248
7068	-6140.457	-6342.646	202.1893	0.9023907	0.749638	0.250362	5.592561
7074	-6140.572	-6343.223	202.6514	1.086646	0.753381	0.246619	5.236494
7080	-6141.119	-6346.639	205.5197	1.133655	0.769292	0.230708	3.590076
7086	-6135.105	-6340.531	205.4262	1.227181	0.7968	0.2032	3.590076
7092	-6127.659	-6333.038	205.3793	1.208962	0.685117	0.314883	3.627877
7098	-6122.421	-6326.565	204.1437	1.056951	0.775742	0.224258	4.420491
7104	-6123.223	-6326.681	203.4584	0.9527328	0.746215	0.253785	4.862938
7110	-6120.946	-6324.936	203.9902	1.040248	0.744685	0.255315	4.516265
7116	-6122.239	-6325.871	203.6316	1.061669	0.744685	0.255315	4.705392
7122	-6121.904	-6325.774	203.87	1.027439	0.670269	0.329731	4.590992
7128	-6124.664	-6328.782	204.1181	1.06478	0.716688	0.283312	4.430456
7134	-6122.863	-6327.658	204.7949	1.094811	0.716688	0.283312	4.029674
7140	-6130.721	-6334.688	203.9667	1.075308	0.716688	0.283312	4.509814
7146	-6124.66	-6328.609	203.9491	1.092857	0.703906	0.296094	4.509814
7152	-6131.329	-6335.261	203.9313	1.065914	0.703906	0.296094	4.534976
7158	-6137.107	-6340.461	203.3547	1.015027	0.700241	0.299759	4.886013
7164	-6129.092	-6332.461	203.3691	1.00059	0.780101	0.219899	4.886013
7170	-6122.849	-6325.946	203.0973	1.023666	0.715742	0.284258	5.024304
7176	-6133.41	-6336.605	203.1956	1.014891	0.728418	0.271582	4.974575
7182	-6132.591	-6336.209	203.6189	1.080624	0.728418	0.271582	4.701864
7188	-6117.526	-6322.042	204.5159	1.113403	0.728418	0.271582	4.177896
7194	-6128.535	-6332.568	204.0325	1.006266	0.728418	0.271582	4.511592
7200	-6141.838	-6345.944	204.1058	1.086893	0.762695	0.237305	4.424962
7206	-6143.241	-6347.514	204.2725	1.136639	0.766722	0.233278	4.302749
7212	-6139.918	-6344.304	204.3854	1.136639	0.813174	0.186826	4.238803
7218	-6134.065	-6337.21	203.1457	1.077446	0.737742	0.262258	4.967569
7224	-6128.574	-6332.906	204.3323	1.106288	0.801724	0.198276	4.286045
7230	-6125.836	-6328.912	203.0759	1.046227	0.781188	0.218812	5.023676
7236	-6133.402	-6337.203	203.8012	1.073495	0.706995	0.293005	4.603767
7242	-6134.578	-6339.369	204.7915	1.050362	0.707449	0.292551	4.056977
7248	-6134.311	-6338.315	204.0037	1.089821	0.763524	0.236476	4.480808
7254	-6135.843	-6340.399	204.5564	1.10285	0.763524	0.236476	4.160929
7260	-6135.354	-6339.171	203.8166	1.007295	0.731779	0.268221	4.632243
7266	-6127.274	-6329.82	202.5461	0.9816577	0.795552	0.204448	5.352585
7272	-6134.415	-6338.14	203.7249	1.099946	0.742966	0.257034	4.631684
7278	-6139.945	-6343.74	203.7943	1.030635	0.75748	0.24252	4.631684
7284	-6133.363	-6336.371	203.0073	0.9867047	0.787483	0.212517	5.094763
7290	-6125.959	-6330.199	204.2404	1.007433	0.699244	0.300756	4.393881
7296	-6120.643	-6326.208	205.5653	1.228655	0.707855	0.292145	3.508223
7302	-6121.904	-6327.593	205.689	1.208031	0.720052	0.279948	3.448067
7308	-6121.16	-6326.405	205.2455	1.173933	0.681862	0.318138	3.72554
7314	-6121.395	-6323.733	202.3374	1.030954	0.681862	0.318138	5.440433
7320	-6110.51	-6313.667	203.1576	0.999721	0.754536	0.245464	5.004127
7326	-6121.747	-6325.579	203.8322	0.9161649	0.747884	0.252116	4.674578
7332	-6114.187	-6317.654	203.467	0.9805967	0.740596	0.259404	4.842585
7338	-6116.6	-6320.306	203.706	1.009631	0.767381	0.232619	4.692882
7344	-6125.723	-6330.068	204.3446	1.076204	0.684161	0.315839	4.296126
7350	-6126.246	-6328.958	202.7127	0.9981871	0.719856	0.280144	5.2515
7356	-6124.927	-6327.39	202.4634	0.8615085	0.72021	0.27979	5.46435
7362	-6125.149	-6327.981	202.832	0.900323	0.72021	0.27979	5.239645
7368	-6126.412	-6329.242	202.8299	0.9597877	0.72021	0.27979	5.207905
7374	-6134.246	-6338.125	203.8794	1.072867	0.778489	0.221511	4.560197
7380	-6137.292	-6340.465	203.1725	1.013062	0.821497	0.178503	4.988447
7386	-6127.591	-6331.179	203.5884	1.003005	0.714004	0.285996	4.762332
7392	-6125.46	-6328.805	203.3445	0.9960064	0.821683	0.178317	4.90226
7398	-6126.517	-6330.226	203.7082	0.9651308	0.72102	0.27898	4.716566
7404	-6134.722	-6339.555	204.8333	1.133561	0.72102	0.27898	3.985597
7410	-6132.588	-6337.109	204.5207	1.112065	0.77251	0.22749	4.175976
7416	-6131.673	-6334.745	203.072	0.9621101	0.77251	0.22749	5.072555
7422	-6134.442	-6337.614	203.1717	1.060436	0.724046	0.275954	4.96255
7428	-6126.274	-6330.59	204.3155	0.9769999	0.724046	0.275954	4.368649
7434	-6133.941	-6338.757	204.8156	1.065813	0.723564	0.276436	4.034408
7440	-6133.195	-6336.335	203.14	0.9966238	0.762066	0.237934	5.015616
7446	-6131.884	-6334.038	202.1535	0.860365	0.790379	0.209621	5.635235
7452	-6130.188	-6333.579	203.3912	0.9586641	0.718903	0.281097	4.897045
7458	-6130.175	-6333.533	203.3583	0.9915247	0.739609	0.260391	4.897045
7464	-6118.634	-6323.368	204.7342	1.058148	0.739609	0.260391	4.085199
7470	-6117.773	-6323.401	205.628	1.200565	0.747981	0.252019	3.488052
7476	-6120.618	-6324.842	204.2237	1.0179	0.741854	0.258146	4.397362
7482	-6130.006	-6334.6	204.5941	1.087361	0.686197	0.313803	4.148288
7488	-6139.801	-6344.614	204.8138	1.157734	0.760128	0.239872	3.982926
7494	-6133.17	-6338.646	205.4764	1.183124	0.766566	0.233434	3.5865
7500	-6135.487	-6340.728	205.2409	1.157849	0.766566	0.233434	3.737529
7506	-6145.191	-6349.468	204.2773	1.118775	0.760948	0.239052	4.310104
7512	-6132.382	-6337.603	205.2217	1.148655	0.661492	0.338508	3.753893
7518	-6138.01	-6343.3	205.29	1.069019	0.661492	0.338508	3.760443
7524	-6134.159	-6339.209	205.0503	1.174089	0.720373	0.279627	3.83795
7530	-6127.683	-6332.486	204.8023	1.128482	0.800041	0.199959	4.006202
7536	-6127.418	-6332.676	205.2581	1.260712	0.745447	0.254553	3.668082
7542	-6125.454	-6329.607	204.1536	1.062588	0.712153	0.287847	4.411676
7548	-6122.041	-6326.246	204.2054	1.020563	0.799278	0.200722	4.406196
7554	-6119.933	-6324.352	204.4189	0.9763562	0.725205	0.274795	4.310586
7560	-6119.958	-6324.335	204.3771	1.060372	0.725205	0.274795	4.286707
7566	-6121.93	-6325.237	203.3069	1.001956	0.725205	0.274795	4.919888
7572	-6135.527	-6339.086	203.5586	1.029212	0.707799	0.292201	4.764341
7578	-6125.413	-6329.074	203.6604	1.115947	0.707799	0.292201	4.658902
7584	-6123.68	-6327.46	203.7801	0.9962385	0.759985	0.240015	4.658902
7590	-6122.649	-6326.233	203.5838	0.9719591	0.729064	0.270936	4.782243
7596	-6128.326	-6332.364	204.0382	1.070044	0.729064	0.270936	4.472502
7602	-6119.335	-6322.502	203.1668	1.071385	0.73326	0.26674	4.959204
7608	-6120.872	-6323.442	202.5702	1.03453	0.7769	0.2231	5.310094
7614	-6121.348	-6325.578	204.2304	1.068924	0.703618	0.296382	4.364801
7620	-6125.557	-6329.7	204.1427	1.093537	0.703618	0.296382	4.400384
7626	-6112.028	-6317.054	205.0263	1.135264	0.813039	0.186961	3.874009
7632	-6107.133	-6312.284	205.1512	1.130076	0.769466	0.230534	3.805217
7638	-6123.563	-6326.336	202.773	0.9562269	0.761046	0.238954	5.241341
7644	-6129.581	-6331.435	201.8545	0.9021942	0.761046	0.238954	5.776192
7650	-6131.158	-6334.342	203.1836	1.041176	0.7246	0.2754	4.966629
7656	-6142.129	-6346.059	203.9295	1.041176	0.7246	0.2754	4.549904
7662	-6138.792	-6342.713	203.9204	1.05023	0.7246	0.2754	4.549904
7668	-6128.684	-6330.81	202.1252	0.9642278	0.769988	0.230012	5.593776
7674	-6152.664	-6357.011	204.3463	1.100077	0.719236	0.280764	4.28167
7680	-6135.941	-6340.147	204.2063	1.089847	0.707205	0.292795	4.366611
7686	-6154.983	-6359.145	204.1618	1.055974	0.751379	0.248621	4.410812
7692	-6138.632	-6343.091	204.4587	1.059994	0.797476	0.202524	4.240654
7698	-6139.678	-6343.239	203.5607	1.091151	0.774202	0.225798	4.728535
7704	-6140.356	-6343.569	203.2133	1.015626	0.784979	0.215021	4.964355
7710	-6121.699	-6325.889	204.1902	1.069549	0.740682	0.259318	4.38714
7716	-6126.432	-6331.013	204.5809	1.081287	0.778147	0.221853	4.159217
7722	-6123.707	-6328.603	204.8964	1.219462	0.778147	0.221853	3.900233
7728	-6133.685	-6337.639	203.9542	1.080709	0.703598	0.296402	4.513797
7734	-6130.302	-6334.65	204.3479	1.127937	0.775966	0.224034	4.26494
7740	-6120.086	-6323.899	203.8133	1.069737	0.725701	0.274299	4.599063
7746	-6124.497	-6327.752	203.2555	0.9846816	0.75374	0.24626	4.95811
7752	-6121.756	-6326.372	204.6164	1.188753	0.720428	0.279572	4.077896
7758	-6130.826	-6336.114	205.2883	1.236459	0.743801	0.256199	3.66463
7764	-6125.382	-6330.981	205.5992	1.158146	0.763509	0.236491	3.529577
7770	-6125.189	-6329.923	204.7344	1.088725	0.710295	0.289705	4.067661
7776	-6128.881	-6333.586	204.7049	1.118205	0.747195	0.252805	4.067661
7782	-6138.009	-6341.975	203.9657	1.184705	0.780283	0.219717	4.448773
7788	-6134.735	-6339.489	204.7538	1.165451	0.758505	0.241495	4.012799
7794	-6130.456	-6335.479	205.0227	1.087369	0.795377	0.204623	3.903585
7800	-6135.837	-6341.441	205.6035	1.267455	0.697906	0.302094	3.463273
7806	-6133.273	-6337.613	204.34	1.0119	0.801674	0.198326	4.335071
7812	-6126.287	-6330.763	204.4765	1.089457	0.779192	0.220808	4.213885
7818	-6127.65	-6331.638	203.9872	1.002747	0.767018	0.232982	4.539043
7824	-6125.907	-6330.835	204.9282	1.121354	0.770162	0.229838	3.938284
7830	-6134.381	-6339.728	205.3469	1.120416	0.69067	0.30933	3.697871
7836	-6133.344	-6337.634	204.2904	1.178049	0.68845	0.31155	4.269135
7842	-6137.231	-6342.041	204.8097	1.106484	0.716532	0.283468	4.014523
7848	-6123.382	-6328.245	204.8632	1.127406	0.716532	0.283468	3.972025
7854	-6139.825	-6344.348	204.5231	1.127691	0.78485	0.21515	4.165729
7860	-6137.391	-6340.51	203.1192	1.089047	0.764509	0.235491	4.975836
7866	-6121.26	-6324.21	202.9506	0.9813628	0.764509	0.235491	5.129176
7872	-6121.939	-6324.923	202.984	0.9036968	0.711204	0.288796	5.153672
7878	-6123.744	-6326.704	202.9604	0.9273265	0.781878	0.218122	5.153672
7884	-6125.873	-6328.955	203.082	0.9777791	0.792534	0.207466	5.058288
7890	-6151.864	-6355.928	204.0647	1.128966	0.758856	0.241144	4.424399
7896	-6159.668	-6363.745	204.0773	1.114432	0.715333	0.284667	4.42551
7902	-6144.497	-6348.995	204.4989	1.208801	0.730194	0.269806	4.133362
7908	-6131.862	-6337.453	205.591	1.238201	0.756591	0.243409	3.487662
7914	-6131.816	-6335.86	204.0441	1.023668	0.733807	0.266193	4.495283
7920	-6138.403	-6342.424	204.0211	1.171881	0.738876	0.261124	4.424806
7926	-6136.375	-6342.012	205.6375	1.18409	0.714641	0.285359	3.492117
7932	-6138.113	-6343.38	205.2672	1.143828	0.761346	0.238654	3.730396
7938	-6130.258	-6335.772	205.5135	1.252811	0.722189	0.277811	3.524351
7944	-6135.571	-6338.612	203.0412	0.9786697	0.725867	0.274133	5.080429
7950	-6142.549	-6348.657	206.1073	1.136207	0.750279	0.249721	3.244387
7956	-6142.571	-6348.646	206.0758	1.219374	0.731289	0.268711	3.213826
7962	-6130.562	-6336.129	205.5666	1.139868	0.731289	0.268711	3.559219
7968	-6123.708	-6329.175	205.4677	1.067326	0.752529	0.247471	3.658724
7974	-6129.918	-6334.635	204.7161	1.008388	0.755135	0.244865	4.1238
7980	-6129.797	-6333.281	203.4839	1.008388	0.723018	0.276982	4.817683
7986	-6133.314	-6337.382	204.0683	1.008388	0.717554	0.282446	4.490293
7992	-6131.075	-6334.797	203.7218	1.16181	0.762369	0.237631	4.598749
7998	-6132.367	-6335.69	203.3229	0.9969433	0.762369	0.237631	4.913789
8004	-6138.741	-6343.347	204.6063	1.151491	0.724975	0.275025	4.104861
8010	-6137.158	-6341.468	204.3099	1.09259	0.712782	0.287218	4.306469
8016	-6144.146	-6348.814	204.6672	1.156567	0.74387	0.25613	4.067281
8022	-6128.138	-6333.538	205.4	1.24432	0.683803	0.316197	3.595307
8028	-6134.673	-6338.408	203.7349	1.067	0.795951	0.204049	4.644579
8034	-6139.742	-6343.543	203.8009	1.000974	0.732938	0.267062	4.644579
8040	-6137.273	-6340.986	203.7132	1.036711	0.714226	0.285774	4.673667
8046	-6143.597	-6346.7	203.1028	1.039499	0.642511	0.357489	5.012478
8052	-6139.934	-6342.993	203.0583	0.9983056	0.642511	0.357489	5.060051
8058	-6137.869	-6342.298	204.4298	1.048941	0.686781	0.313219	4.263346
8064	-6135.838	-6338.975	203.1369	1.003652	0.747728	0.252272	5.013466
8070	-6147.758	-6352.111	204.3535	1.111403	0.775287	0.224713	4.271136
8076	-6144.803	-6349.155	204.3521	1.112879	0.780326	0.219674	4.271136
8082	-6138.511	-6340.995	202.4846	0.9128245	0.76119	0.23881	5.424383
8088	-6143.399	-6347.121	203.7219	1.004241	0.729429	0.270571	4.687018
8094	-6129.594	-6334.391	204.7966	1.069568	0.785029	0.214971	4.043114
8100	-6145.169	-6349.634	204.4649	1.086322	0.736847	0.263153	4.222261
8106	-6137.481	-6342.036	204.5553	0.9958782	0.727274	0.272726	4.222261
8112	-6125.057	-6328.348	203.291	1.068323	0.69989	0.30011	4.891763
8118	-6120.774	-6324.299	203.5244	0.9355432	0.749867	0.250133	4.835688
8124	-6130.155	-6333.93	203.7752	1.090613	0.701146	0.298854	4.608722
8130	-6126.974	-6330.695	203.7209	1.015974	0.767466	0.232534	4.680964
8136	-6127.144	-6331.656	204.5122	1.058705	0.725111	0.274889	4.211077
8142	-6130.56	-6334.998	204.4386	1.133729	0.713109	0.286891	4.210274
8148	-6126.864	-6329.868	203.0041	1.020739	0.713441	0.286559	5.077648
8154	-6132.459	-6336.996	204.5375	1.080212	0.795266	0.204734	4.184515
8160	-6123.148	-6327.237	204.0883	1.010295	0.757081	0.242919	4.477938
8166	-6126.62	-6330.061	203.4409	1.006494	0.757081	0.242919	4.842733
8172	-6132.202	-6335.971	203.7693	1.041299	0.794528	0.205472	4.639704
8178	-6143.794	-6347.575	203.7816	1.033029	0.711169	0.288831	4.637433
8184	-6132.652	-6336.393	203.7414	1.029461	0.73075	0.26925	4.661962
8190	-6127.388	-6331.104	203.7162	1.054631	0.776456	0.223544	4.661962
8196	-6146.443	-6350.771	204.3284	1.070825	0.804805	0.195195	4.308329
8202	-6139.698	-6342.788	203.0904	1.020941	0.715233	0.284767	5.029684
8208	-6133.19	-6337.235	204.0448	1.018128	0.70149	0.29851	4.498007
8214	-6137.411	-6342.606	205.1947	1.172162	0.715746	0.284254	3.755926
8220	-6133.819	-6338.477	204.658	1.085504	0.715746	0.284254	4.11298
8226	-6139.942	-6344.567	204.6246	1.088291	0.715746	0.284254	4.130433
8232	-6128.271	-6333.382	205.1106	1.081885	0.759609	0.240391	3.856288
8238	-6128.13	-6332.367	204.2372	1.010655	0.765789	0.234211	4.393865
8244	-6130.823	-6334.779	203.9556	0.9712164	0.765789	0.234211	4.574525
8250	-6128.582	-6331.823	203.2415	1.035985	0.699279	0.300721	4.937315
8256	-6131.963	-6336.286	204.323	1.084986	0.743706	0.256294	4.303375
8262	-6135.783	-6338.83	203.0477	1.106151	0.743706	0.256294	5.00606
8268	-6122.496	-6326.589	204.0925	1.090544	0.761509	0.238491	4.430393
8274	-6127.363	-6331.739	204.3769	0.9728683	0.76002	0.23998	4.336281
8280	-6116.429	-6321.691	205.2615	1.190187	0.738149	0.261851	3.706937
8286	-6123.776	-6328.532	204.7555	1.15368	0.738149	0.261851	4.018547
8292	-6138.133	-6342.712	204.5794	1.134917	0.738149	0.261851	4.129573
8298	-6144.107	-6348.407	204.2995	1.091758	0.740169	0.259831	4.31285
8304	-6133.329	-6338.351	205.0216	1.210763	0.730477	0.269523	3.833342
8310	-6135.983	-6340.846	204.8634	1.198161	0.700369	0.299631	3.931379
8316	-6129.956	-6336.799	206.8435	1.350274	0.757928	0.242072	2.672251
8322	-6126.95	-6333.553	206.6036	1.363728	0.778107	0.221893	2.810722
8328	-6121.22	-6325.923	204.7032	1.145179	0.711172	0.288828	4.05322
8334	-6121.766	-6325.212	203.4465	1.047248	0.787591	0.212409	4.816843
8340	-6129.238	-6332.675	203.4374	1.043357	0.729776	0.270224	4.824096
8346	-6137.691	-6341.35	203.6589	1.037961	0.714528	0.285472	4.703353
8352	-6139.514	-6342.706	203.1915	1.07844	0.781044	0.218956	4.94156
8358	-6143.209	-6347.06	203.8512	1.024584	0.748249	0.251751	4.603157
8364	-6152.719	-6356.551	203.8324	1.043313	0.748249	0.251751	4.603157
8370	-6133.101	-6337.452	204.3519	1.118592	0.725383	0.274617	4.268013
8376	-6139.74	-6343.566	203.826	1.009281	0.734688	0.265312	4.625843
8382	-6125.555	-6329.8	204.2449	1.061642	0.753469	0.246531	4.360734
8388	-6117.21	-6321.48	204.2699	1.036627	0.722965	0.277035	4.360734
8394	-6123.191	-6327.27	204.0782	1.008373	0.722965	0.277035	4.484743
8400	-6127.543	-6331.551	204.0078	1.091228	0.730367	0.269633	4.477698
8406	-6124.166	-6327.388	203.2216	0.9885764	0.763306	0.236694	4.974746
8412	-6121.772	-6326.37	204.5982	1.08949	0.797276	0.202724	4.144762
8418	-6119.909	-6325.405	205.496	1.231081	0.784637	0.215363	3.54718
8424	-6132.579	-6338.539	205.9599	1.189718	0.74897	0.25103	3.299799
8430	-6123.315	-6328.413	205.0977	1.098377	0.74897	0.25103	3.854225
8436	-6126.72	-6331.56	204.8405	1.224801	0.733982	0.266018	3.929236
8442	-6126.591	-6330.286	203.6945	1.041572	0.76597	0.23403	4.681443
8448	-6126.538	-6329.975	203.4374	0.9278233	0.752219	0.247781	4.888489
8454	-6116.412	-6321.086	204.6738	1.164635	0.744039	0.255961	4.058918
8460	-6112.943	-6317.738	204.7949	1.043482	0.741217	0.258783	4.058918
8466	-6117.14	-6321.904	204.7644	1.078966	0.702841	0.297159	4.056116
8472	-6119.989	-6322.868	202.8792	0.9944907	0.780603	0.219397	5.161447
8478	-6120.579	-6324.268	203.6891	1.054479	0.780603	0.219397	4.677245
8484	-6123.66	-6327.449	203.7888	1.075352	0.773181	0.226819	4.609678
8490	-6132.415	-6337.367	204.9523	1.11652	0.773181	0.226819	3.92722
8496	-6136.519	-6342.072	205.5529	1.250792	0.774586	0.225414	3.502576
8502	-6137.23	-6343.494	206.2643	1.275939	0.774586	0.225414	3.06809
8508	-6132.47	-6337.753	205.283	1.116507	0.75999	0.24001	3.737069
8514	-6130.818	-6336.224	205.4062	1.224062	0.795491	0.204509	3.603481
8520	-6126.967	-6332.789	205.8225	1.226817	0.668555	0.331445	3.358779
8526	-6128.634	-6333.958	205.3241	1.082359	0.759832	0.240168	3.733073
8532	-6131.983	-6337.246	205.2631	1.143321	0.759832	0.240168	3.733073
8538	-6121.648	-6325.012	203.3649	0.995469	0.759832	0.240168	4.891182
8544	-6116.737	-6321.044	204.3068	0.9629129	0.770129	0.229871	4.381479
8550	-6123.2	-6326.041	202.8408	0.9787641	0.791443	0.208557	5.191381
8556	-6137.167	-6340.026	202.8594	0.9601377	0.658752	0.341248	5.191381
8562	-6114.606	-6318.568	203.9622	1.025042	0.760245	0.239755	4.540563
8568	-6117.901	-6322.644	204.7428	1.074546	0.760245	0.239755	4.070915
8574	-6129.938	-6334.96	205.0217	1.155084	0.760245	0.239755	3.865307
8580	-6134.833	-6339.244	204.4111	1.135585	0.760245	0.239755	4.224823
8586	-6136.114	-6340.576	204.4624	1.203876	0.811699	0.188301	4.156928
8592	-6135.683	-6341.109	205.4257	1.167202	0.754994	0.245006	3.625185
8598	-6135.793	-6340.052	204.2591	1.0701	0.750046	0.249954	4.347892
8604	-6125.689	-6330.075	204.3866	1.078843	0.726715	0.273285	4.270847
8610	-6125.48	-6329.497	204.0171	1.030285	0.773332	0.226668	4.506782
8616	-6126.107	-6329.563	203.4557	0.952851	0.681536	0.318464	4.864368
8622	-6133.642	-6338.055	204.4129	0.9714587	0.679065	0.320935	4.316712
8628	-6118.909	-6321.856	202.9474	0.986648	0.697753	0.302247	5.127999
8634	-6117.031	-6320.821	203.7907	1.040187	0.742055	0.257945	4.628317
8640	-6135.232	-6339.526	204.2942	1.023374	0.732112	0.267888	4.354507
8646	-6122.618	-6326.882	204.264	1.064032	0.749793	0.250207	4.348579
8652	-6136.56	-6340.718	204.158	1.03686	0.827699	0.172301	4.423732
8658	-6128.435	-6331.387	202.9526	0.9469549	0.716493	0.283507	5.147129
8664	-6134.694	-6338.921	204.2276	1.115333	0.76551	0.23449	4.340141
8670	-6123.774	-6328.584	204.8095	1.084077	0.769698	0.230302	4.027416
8676	-6125.786	-6330.172	204.3861	1.089366	0.741014	0.258986	4.265147
8682	-6127.706	-6331.871	204.1651	1.039319	0.765971	0.234029	4.418329
8688	-6132.382	-6336.256	203.8737	1.082786	0.740905	0.259095	4.557859
8694	-6137.672	-6341.579	203.9069	0.9942283	0.757252	0.242748	4.588953
8700	-6133.964	-6337.296	203.3318	1.026525	0.704853	0.295147	4.892317
8706	-6127.061	-6330.363	203.3026	0.9995309	0.704853	0.295147	4.923641
8712	-6122.75	-6326.601	203.8506	1.012548	0.706355	0.293645	4.610238
8718	-6145.636	-6349.899	204.2622	1.133089	0.796742	0.203258	4.310543
8724	-6148.435	-6352.171	203.7361	1.065539	0.716989	0.283011	4.644725
8730	-6126.235	-6330.089	203.8538	1.023875	0.716989	0.283011	4.602107
8736	-6123.915	-6327.721	203.8061	1.051865	0.778498	0.221502	4.613123
8742	-6116.527	-6320.978	204.451	1.075255	0.774067	0.225933	4.236387
8748	-6124.214	-6327.991	203.777	0.9879969	0.744841	0.255159	4.665223
8754	-6130.216	-6333.881	203.6653	1.100119	0.744841	0.255159	4.665017
8760	-6123.378	-6328.1	204.7227	1.031188	0.701196	0.298804	4.1071
8766	-6131.661	-6335.967	204.3057	1.193476	0.768552	0.231448	4.251718
8772	-6142.907	-6348.608	205.7012	1.231549	0.766735	0.233265	3.427158
8778	-6129.047	-6334.616	205.5689	1.183463	0.761025	0.238975	3.532493
8784	-6133.461	-6338.832	205.3717	1.16225	0.761025	0.238975	3.659338
8790	-6136.271	-6339.711	203.4394	1.102155	0.742054	0.257946	4.79018
8796	-6129.309	-6333.539	204.2299	1.095187	0.742054	0.257946	4.350267
8802	-6134.916	-6340.177	205.261	1.154853	0.66273	0.33727	3.727611
8808	-6135.008	-6339.81	204.8015	1.141809	0.70319	0.29681	3.999045
8814	-6124.49	-6327.797	203.3074	0.9837459	0.801667	0.198333	4.929747
8820	-6143.655	-6348.223	204.5675	1.066939	0.751594	0.248406	4.175023
8826	-6133.987	-6339.023	205.0364	1.119702	0.738269	0.261731	3.877153
8832	-6140.875	-6345.663	204.7886	1.08397	0.746098	0.253902	4.039451
8838	-6133.504	-6338.204	204.6997	1.172824	0.716664	0.283336	4.039451
8844	-6130.761	-6335.516	204.7548	1.117753	0.716664	0.283336	4.039451
8850	-6136.333	-6340.352	204.0187	1.151848	0.650297	0.349703	4.437407
8856	-6137.22	-6341.384	204.1635	1.091902	0.779076	0.220924	4.389574
8862	-6128.028	-6332.212	204.1837	1.071683	0.71912	0.28088	4.389574
8868	-6128.664	-6332.515	203.8507	1.072346	0.770642	0.229358	4.57663
8874	-6125.072	-6328.157	203.0847	0.9771878	0.680687	0.319313	5.05713
8880	-6129.674	-6332.702	203.0284	1.014853	0.748977	0.251023	5.067476
8886	-6125.625	-6330.693	205.0677	1.095181	0.748977	0.251023	3.873276
8892	-6126.495	-6331.195	204.6999	1.085337	0.705519	0.294481	4.089232
8898	-6128.843	-6332.953	204.11	1.085337	0.705968	0.294032	4.423444
8904	-6122.561	-6326.862	204.3006	1.064271	0.757211	0.242789	4.327783
8910	-6132.032	-6336.841	204.8088	1.088445	0.750356	0.249644	4.025324
8916	-6124.982	-6329.476	204.4948	1.04854	0.764974	0.235026	4.226722
8922	-6127.428	-6331.627	204.1988	1.060406	0.764974	0.235026	4.387441
8928	-6120.969	-6324.511	203.5421	0.979685	0.764974	0.235026	4.801191
8934	-6127.839	-6331.499	203.6601	0.9780301	0.764974	0.235026	4.736197
8940	-6135.74	-6339.502	203.7615	1.027956	0.67951	0.32049	4.651536
8946	-6131.558	-6334.945	203.3873	0.990034	0.746952	0.253048	4.881734
8952	-6131.288	-6335.382	204.0938	1.056849	0.746952	0.253048	4.44866
8958	-6122.98	-6326.964	203.9846	1.094669	0.721289	0.278711	4.488821
8964	-6148.043	-6352.127	204.0842	1.068925	0.769728	0.230272	4.447237
8970	-6122.283	-6326.053	203.7696	1.02472	0.711433	0.288567	4.648798
8976	-6127.954	-6333.24	205.2859	1.181468	0.801854	0.198146	3.69784
8982	-6128.356	-6333.674	205.3182	1.181468	0.785606	0.214394	3.679151
8988	-6140.951	-6346.67	205.7187	1.18987	0.706534	0.293466	3.441307
8994	-6140.663	-6344.451	203.7877	1.062337	0.813862	0.186138	4.617588
9000	-6133.172	-6337.357	204.1853	1.16292	0.695137	0.304863	4.337165
9006	-6135.858	-6339.453	203.595	0.9406787	0.814618	0.185382	4.793439
9012	-6127.555	-6331.416	203.8603	1.001946	0.728259	0.271741	4.61074
9018	-6128.554	-6332.748	204.1939	1.067632	0.728259	0.271741	4.386136
9024	-6122.363	-6326.514	204.1509	1.110626	0.705311	0.294689	4.386136
9030	-6130.762	-6334.923	204.1606	0.9874743	0.705311	0.294689	4.450118
9036	-6116.379	-6320.428	204.0496	1.098452	0.806978	0.193022	4.450118
9042	-6122.552	-6326.096	203.5434	1.047472	0.791364	0.208636	4.762607
9048	-6127.607	-6330.162	202.5546	1.001782	0.777938	0.222062	5.336781
9054	-6136.439	-6339.638	203.1997	1.02914	0.734451	0.265549	4.964387
9060	-6118.195	-6322.272	204.0772	1.076805	0.776597	0.223403	4.446743
9066	-6120.584	-6324.898	204.3142	1.099523	0.738664	0.261336	4.300152
9072	-6137.62	-6342.792	205.172	1.091795	0.731292	0.268708	3.815289
9078	-6127.206	-6331.923	204.7173	1.148318	0.761494	0.238506	4.043399
9084	-6139.533	-6342.397	202.8637	0.9149032	0.732204	0.267796	5.21402
9090	-6145.967	-6350.675	204.708	1.10846	0.762851	0.237149	4.071448
9096	-6149.62	-6353.212	203.5913	1.139434	0.762851	0.237149	4.684401
9102	-6118.246	-6320.939	202.6935	0.9589031	0.732436	0.267564	5.283809
9108	-6128.921	-6334.088	205.1676	1.147481	0.719873	0.280127	3.785735
9114	-6115.837	-6320.798	204.9607	1.147481	0.719873	0.280127	3.904637
9120	-6122.447	-6327.017	204.5704	1.129933	0.750303	0.249697	4.13755
9126	-6117.13	-6321.214	204.0839	1.066103	0.773771	0.226229	4.448982
9132	-6125.944	-6329.866	203.9219	1.010369	0.739754	0.260246	4.571421
9138	-6126.873	-6329.031	202.1574	0.9185588	0.739754	0.260246	5.601176
9144	-6130.786	-6334.303	203.5163	1.095092	0.739754	0.260246	4.751171
9150	-6141.475	-6345.189	203.7144	0.9449296	0.73891	0.26109	4.724396
9156	-6143.51	-6346.965	203.4553	0.9760055	0.78888	0.21112	4.851689
9162	-6129.099	-6333.033	203.9344	1.013486	0.731304	0.268696	4.562688
9168	-6134.72	-6338.846	204.1267	0.9924456	0.796849	0.203151	4.466371
9174	-6127.292	-6331.401	204.109	1.057334	0.724451	0.275549	4.439811
9180	-6123.292	-6327.655	204.3623	1.067452	0.711421	0.288579	4.291084
9186	-6131.653	-6334.61	202.9572	0.9922749	0.724119	0.275881	5.119448
9192	-6136.668	-6340.316	203.648	1.081843	0.735043	0.264957	4.684918
9198	-6134.715	-6338.453	203.7378	1.058423	0.701777	0.298223	4.647745
9204	-6129.742	-6334.557	204.8144	1.098673	0.735685	0.264315	4.016325
9210	-6132.425	-6336.954	204.5292	1.082899	0.726181	0.273819	4.187689
9216	-6124.752	-6328.644	203.8916	1.03192	0.722745	0.277255	4.576377
9222	-6122.118	-6325.316	203.1973	1.014987	0.737114	0.262886	4.973571
9228	-6124.544	-6326.929	202.3853	0.9526971	0.779675	0.220325	5.457131
9234	-6121.96	-6325.978	204.0184	1.053895	0.775762	0.224238	4.492761
9240	-6130.677	-6335.057	204.3795	1.04728	0.736014	0.263986	4.29276
9246	-6132.036	-6335.802	203.7668	1.04728	0.736014	0.263986	4.637761
9252	-6132.075	-6336.183	204.1074	1.040382	0.763569	0.236431	4.45023
9258	-6137.959	-6342.432	204.4733	1.118293	0.736981	0.263019	4.199335
9264	-6129.189	-6333.459	204.2703	1.0812	0.768803	0.231197	4.335287
9270	-6125.168	-6329.804	204.636	1.085623	0.768803	0.231197	4.125421
9276	-6125.191	-6330.363	205.1719	1.185549	0.784341	0.215659	3.761322
9282	-6132.722	-6337.566	204.8448	1.141574	0.72131	0.27869	3.974394
9288	-6143.819	-6348.865	205.0458	1.139761	0.757196	0.242804	3.860234
9294	-6138.335	-6343.344	205.0092	1.192669	0.726142	0.273858	3.850882
9300	-6125.149	-6329.671	204.5214	1.051724	0.761493	0.238507	4.209813
9306	-6112.943	-6317.307	204.3638	1.134784	0.753135	0.246865	4.252099
9312	-6124.947	-6329.678	204.7304	1.136995	0.753135	0.246865	4.042393
9318	-6132.409	-6336.741	204.3315	1.180594	0.751519	0.248481	4.244417
9324	-6132.329	-6337.135	204.806	1.125706	0.775511	0.224489	4.00567
9330	-6141.227	-6343.942	202.7143	1.001472	0.775511	0.224489	5.248754
9336	-6128.674	-6332.384	203.7096	1.038403	0.764768	0.235232	4.674732
9342	-6129.022	-6332.359	203.3376	0.962478	0.718525	0.281475	4.924754
9348	-6124.234	-6328.945	204.7101	1.105571	0.718525	0.281475	4.071858
9354	-6128.339	-6333.06	204.7209	1.140998	0.769781	0.230219	4.045499
9360	-6130.158	-6333.189	203.0307	0.961558	0.727898	0.272102	5.095719
9366	-6124.459	-6328.171	203.7128	1.015518	0.727898	0.272102	4.685789
9372	-6134.035	-6337.875	203.8401	1.014545	0.727898	0.272102	4.615004
9378	-6126.079	-6329.921	203.8421	1.01253	0.772498	0.227502	4.615004
9384	-6123.217	-6327.529	204.3115	1.042672	0.772498	0.227502	4.333794
9390	-6122.687	-6325.76	203.0725	1.025569	0.756026	0.243974	5.037026
9396	-6127.73	-6333.331	205.6002	1.205146	0.774633	0.225367	3.501603
9402	-6120.546	-6324.458	203.9117	1.105623	0.718604	0.281396	4.523665
9408	-6117.994	-6321.896	203.902	1.051055	0.748339	0.251661	4.559796
9414	-6114.909	-6318.912	204.0037	1.070914	0.775082	0.224918	4.491427
9420	-6121.697	-6326.938	205.2412	1.138537	0.73469	0.26531	3.748462
9426	-6109.186	-6313.373	204.1873	1.039483	0.73469	0.26531	4.405749
9432	-6111.597	-6315.346	203.7488	1.055836	0.773232	0.226768	4.643056
9438	-6112.048	-6316.115	204.0668	1.068572	0.773232	0.226768	4.457263
9444	-6115.796	-6320.185	204.389	1.065535	0.782677	0.217323	4.27705
9450	-6122.076	-6326.384	204.3073	1.058655	0.727082	0.272918	4.327122
9456	-6119.373	-6323.485	204.1114	1.105139	0.698773	0.301227	4.411518
9462	-6126.952	-6329.971	203.0185	1.002197	0.734114	0.265886	5.079946
9468	-6135.225	-6338.164	202.9389	0.9074343	0.734114	0.265886	5.176575
9474	-6135.946	-6339.538	203.592	1.003023	0.6964	0.3036	4.760326
9480	-6132.029	-6335.619	203.59	1.135409	0.714295	0.285705	4.687374
9486	-6127.207	-6332.142	204.9354	1.154562	0.766215	0.233785	3.915114
9492	-6128.462	-6333.37	204.9071	1.140442	0.754666	0.245334	3.93942
9498	-6133.349	-6337.8	204.452	1.075278	0.731724	0.268276	4.235831
9504	-6127.9	-6332.561	204.6608	1.178989	0.773765	0.226235	4.058113
9510	-6126.689	-6330.965	204.2755	1.03228	0.765151	0.234849	4.360024
9516	-6135.645	-6340.626	204.9813	1.141455	0.767654	0.232346	3.896291
9522	-6140.004	-6344.703	204.6992	1.122198	0.780802	0.219198	4.068602
9528	-6125.401	-6329.231	203.8304	1.076078	0.749085	0.250915	4.585899
9534	-6144.962	-6348.675	203.7129	1.042166	0.756202	0.243798	4.67078
9540	-6149.07	-6354.265	205.1945	1.125644	0.719345	0.280655	3.782818
9546	-6128.857	-6333.657	204.7998	1.139398	0.735122	0.264878	4.001407
9552	-6133.886	-6337.602	203.7169	0.9464373	0.742514	0.257486	4.722105
9558	-6127.172	-6330.776	203.6036	1.059752	0.742514	0.257486	4.722105
9564	-6136.136	-6340.238	204.1019	1.020846	0.724093	0.275907	4.464339
9570	-6121.008	-6325.004	203.9962	1.093981	0.724093	0.275907	4.482684
9576	-6128.447	-6332.131	203.6839	1.083078	0.742337	0.257663	4.664123
9582	-6124.022	-6327.021	202.9992	0.99753	0.737792	0.262208	5.093273
9588	-6142.511	-6346.849	204.3387	1.057454	0.734348	0.265652	4.310091
9594	-6126.444	-6331.353	204.9086	1.112151	0.772955	0.227045	3.954749
9600	-6122.866	-6326.363	203.4972	1.058328	0.722823	0.277177	4.782366
9606	-6131.355	-6334.471	203.1165	0.9840461	0.70128	0.29872	5.035666
9612	-6123.352	-6328.397	205.0451	1.149384	0.77804	0.22196	3.855144
9618	-6140.742	-6345.399	204.6561	1.163678	0.714831	0.285169	4.069566
9624	-6123.525	-6327.796	204.2714	1.117984	0.74648	0.25352	4.313922
9630	-6117.55	-6321.741	204.1906	1.101989	0.821772	0.178228	4.368569
9636	-6132.281	-6337.249	204.9674	1.097079	0.724287	0.275713	3.929693
9642	-6122.089	-6325.919	203.8304	1.058181	0.769304	0.230696	4.59599
9648	-6141.023	-6344.814	203.7911	1.097421	0.705734	0.294266	4.59599
9654	-6131.822	-6336.706	204.8846	1.153094	0.697676	0.302324	3.94507
9660	-6136.236	-6342.271	206.0344	1.214845	0.688044	0.311956	3.240976
9666	-6134.506	-6339.174	204.6689	1.198542	0.688044	0.311956	4.042364
9672	-6131.233	-6334.427	203.1936	1.033644	0.740547	0.259453	4.965293
9678	-6132.026	-6335.939	203.9122	1.006418	0.774168	0.225832	4.579108
9684	-6147.518	-6351.27	203.752	1.02875	0.715342	0.284658	4.656434
9690	-6141.542	-6346.362	204.8205	1.036754	0.728106	0.271894	4.048192
9696	-6126.491	-6331.188	204.6966	1.085631	0.716861	0.283139	4.090912
